antigen,TCR,label
KQIYKTPPI,CATSDLFQETQYF,0
EYLVSFGVW,CASSFGGQGSYEQYF,1
KYTSFPWL,CAVLGPGGSYIPTF,1
TCSALGARNSDYT,FNFAITNLG,0
FEDLRVLSF,CAVLEGAGSYQLTF,1
KVKEVCPNV,CVVALYSGGGADGLTF,1
LSYYKLGASQRVAGDSGFAAYSRYRIGNYKLNTDHSS,CASRGGHLSSYNSPLHF,1
VLQLPQGTTLPKGFYA,CASSLSGTFYEQYF,1
RLQSLQTYV,CASSPPGSYNEQFF,0
WLKNKLIPEVKEKHEFLSRL,ASSLSTSVAQETQY,1
FEDLRLLSF,CALSNAKTSYDKVIF,1
TAFTIPSI,CASSLWLPKETQYF,1
VSDGGPNLY,CAASPSGGSYIPTF,1
FEDLRVSSF,CAASHETSGSRLTF,1
LPRWYFYYL,CALSETSGSRLTF,1
RPIIRPATL,CAMSEGGSNYKLTF,0
VENPHLMGWD,TTDSWGKFEF,0
LKKRWQLALSKGVHFVCNLLLLFVTVYSHLLLVAAGLE,CASSLTPSDSPGYNEQFF,1
NMIHFAPNV,CVVTEYSGGGADGLTF,1
FLPGVYSVI,CATSDWSGNEQFF,0
NSSTCMMCY,CLSEDGATNKLIF,1
LPQGFSAL,CASSHTSGYEQYF,1
KINMPMSVK,CAISDEGSYNSPLHF,1
AVTTDSWGKLQ,LGYGFVNYI,0
LLDQLIEEV,CASRAGGSSYNEQFF,1
HSNLNDATY,CASKVGQGGTGTQYF,0
NLLLQYGSFCTQLNRAL,CASSLGWGRGNQPQHF,1
SYQTQTNSPRRARSVA,CASSLEFAETYEQYF,1
LLDQLIEEV,CATSGAWGRNTEAFF,1
VMVELVAEL,CASSTTGGEEQFF,0
LLYDANYFL,ASVSVATNEKLF,1
PPAYRPPNAPIL,QSSGSWQL,1
FTSDYYQLY,CASSRPPGPSGSIFYNEQFF,0
LLDQLIEEV,CASRARGGGYNEQFF,1
ARSVASQSIIAYTMSLGAENSVAYSNNSIAIPTNFTISVTTEI,CASSPLRDGELFF,1
LVLEVDPNI,CAFRVSHDMRF,1
AALYGNEKIT,NSIRNLDTI,0
RTATKAYNV,CSAPGLAGSTDTQYF,0
DRFYKTLRAEQASQEV,CASSPLVPYEQYF,1
SIIAYTMSL,CASSLFPTDTQYF,0
LKKRWQLALSKGVHFVCNLLLLFVTVYSHLLLVAAGLE,CASSPGGQNYGYTF,1
EELKKLLEQWNLVIGFLF,CSGRGGQQETQYF,1
NFGDQELIRQGTDYKHWPQ,ASSYGGANTGELF,1
FEDLRVSSF,CAVLEGAGSYQLTF,1
ARSVASQSIIAYTMSLGAENSVAYSNNSIAIPTNFTISVTTEI,CATSSRLTSGANVLTF,1
RYPLTFGW,CAVRMDSSYKLIF,1
PTDNYITTY,CVVRYDSWGKLQF,1
YVDNSSLTI,CASSTYRNTGELFF,0
LPRWYFYYL,CAVASGTYKYIF,1
ALKCKGFHV,CASSVYGATDTQYF,0
VLQLPQGTTLPKGFYA,CASSLFGTGVTEAFF,1
VGATYYFNKNMSTYVDYKIN,CATSDDYGYTF,1
TSTLQEQIGW,CAVDINTSGTYKYIF,1
YLYALVYFL,CASSGTSGETQYF,0
RTMEVCYNT,CAIRQFDANTGELFF,1
NLLLQYGSFCTQLNRAL,CATSGFTSGDYNEQFF,1
LPRWYFYYL,CATDAGVYNQGGKLIF,1
MEVTPSGTWL,CSARGDRNSYEQYF,0
TSTLQEQIGW,CASSPGVGNTEAFF,1
NQKLIANAF,CVVSERGAQKLVF,1
KPRQKRTAT,CAMMGTDSWGKLQF,1
SYQTQTNSPRRARSVA,CASSLEGTGFRETQYF,1
EELKKLLEQWNLVIGFLF,CASSWRVSGANVLTF,1
IMYNYPAM,CAVSTGGRALIF,1
PLTFGWCYKL,CASIWGSRQFF,0
SNVKNLYEKVRSQLKNNAK,ASSGTGQDTQY,1
VLQLPQGTTLPKGFYA,CASSEDRGINYGYTF,1
LKKRWQLALSKGVHFVCNLLLLFVTVYSHLLLVAAGLE,CSADLGTSNYNEQFF,1
NQKLIANAF,CALSDSNAGKSTF,1
HSNLNDATY,CASSREGWEQYF,0
LMIERFVSL,CSVQGSSYEQYF,0
ELRSRYWAI,CASSSAGREGTQYF,0
WPVTLACFV,CASSSQDGSYEQYF,0
FEDLRVLSF,CAMSPSFMANDMRF,1
LLYDANYFL,CASSLGGAEAFF,0
LLYDANYFL,CAVILSGNTPLVF,1
SGPDNGAVAVL,CALSALTGSGGKLTL,1
ARSVASQSIIAYTMSLGAENSVAYSNNSIAIPTNFTISVTTEI,CASSLGQSNQPQHF,1
LLYDANYFL,CASSLGNIEAFF,0
HSNLNDATY,CALIFTQGGSEKLVF,0
ASRPGLAGGRPEQY,LLFGFPVYV,0
SYQTQTNSPRRARSVA,CASSPSDGYYEQYF,1
ASSDAGGRNTLY,KAPYNFATM,0
SIIAYTMSL,CASSPFQGLAGVGLGTDTQYF,0
SLQGRTLIL,CASSWGNYAEQFF,1
NLLLQYGSFCTQLNRAL,CSARDRQGAAMNTEAFF,1
NVFAFPFTI,CAVRDLGGYSTLTF,0
WPWYIWLGF,CASSPGTGDLETQYF,0
AALYGNEKIT,KCSRNRQYL,0
VGATYYFNKNMSTYVDYKIN,CILREGGSQGNLIF,1
ILSPFLPLL,QEPSR,1
TSQWLTNIF,CSAQSQLRVLEETQYF,0
YVWKSYVHV,CASSLREGLGEQYF,0
PTNGVGYQPYRVVVLSFELLHAPATVCGPKKSTNLVKNKCVNF,CASRPGTVNTEAFF,1
KINMPMSVK,CAITGTASKLTF,1
MEVTPSGTWL,CASSREVGTYEQYF,0
VSDGGPNLY,CAAIKNYGGSQGNLIF,1
VGATYYFNKNMSTYVDYKIN,CVVSARFYNQGGKLIF,1
MEVTPSGTWL,CASSEWTGAETQYF,0
ARSVASQSIIAYTMSLGAENSVAYSNNSIAIPTNFTISVTTEI,CASTDWIRTRGTEAFF,1
VGATYYFNKNMSTYVDYKIN,CAENGGGSQGNLTF,1
DRFYKTLRAEQASQEV,CASSLGDSSYTGELFF,1
RTQSPRRR,CASGDSNSPLHF,1
QELIRQGTDY,CAWSVAANTEAFF,0
RLQSLQTYV,CATEQTSGSRLTF,0
ILSRLDKVEAEVQIDRLITGRLQSLQTYVTQQLIRAAEIRASA,CAWSLSGGRANEQYF,1
KYTSFPWL,CASSPFSGGTYNEQFF,1
YADVFHLYL,CASSQWDRTNTGELFF,0
RLQSLQTYV,CATSRPATEAFF,0
RTQSPRRR,CASSTRGGWNEQFF,1
SNVKNLYEKVRSQLKNNAK,GARGQSGNTLY,1
VSDGGPNLY,CATSGRSGDTQYF,0
SLQGRTLIL,CTCSGGLDNYAEQFF,1
GQVMVVAPR,CAVMDQDGANSKLTF,1
FPTKDVAL,CAWSEPQNLPSPYGYTF,1
FVSNGTHWF,CASSPGLGVDEQYF,1
MEVTPSGTWL,CASSLQGGTYEQYF,0
PLIELCVDEAGSKSPIQYIDIGNYTVSCLPFTINCQE,CASNGGTGNQPQHF,1
SLQGRTLIL,CASSPQGAGYEQYF,1
LLDQLIEEV,CAISRGREEAFF,1
LMNVLTLVY,CASSLGERSEQYF,0
FTPLVPFWI,TTDSWGKFEF,0
LKKRWQLALSKGVHFVCNLLLLFVTVYSHLLLVAAGLE,CASSVELAGELFF,1
RGYVYQGL,CAAPAYQGGRALIF,1
EELKKLLEQWNLVIGFLF,CASSSPAGDSGNTIYF,1
QRRPQGLPNNTASWFTALTQHGKEDLKFPRGQGVPINT,CASSYGLAGAQETQYF,1
SGPDNGAVAV,CAVSEGTQVVGQLTF,1
FVSNGTHWF,CASSATGVEAFF,1
RQIAPGQTGKIADYNYKL,CASSYEMGWETQYF,1
TVYGFCLL,CAASEGSALGRLHF,1
FLHVTYVPA,CAWMKQGTSTYEQYF,0
SYQTQTNSPRRARSVA,CSVEPRDRSNVLTF,1
RTMEVCYNT,CVVATYSGGGADGLTF,1
VLQLPQGTTLPKGFYA,CASRALAKTSRGNEQFF,1
PTDNYITTY,CASSFFSNAYEQYF,0
SSIEFARL,LCASRQSGNSDYTFGSG,1
ALASCMGLIY,CSVDSSNEQFF,0
KVCEFQFCNDPFLGVYYHKNNKSWMESEFRVYSSANNCTFEYV,CASSLLAFRYEQYF,1
WPWYIWLGF,CASGLVGSSYNEQFF,0
RVAGDSGFAAY,CASSPRDRGFSPLHF,0
RTATKAYNV,CLVGDVDTDKLIF,0
LWFHISCLTF,CATSPPPGGLDTDTQYF,1
ELRSRYWAI,CLVFNTGGFKTIF,0
TLKNTVCTV,CASSTSGQGDYTF,0
TAFTIPSI,CATDEAGRRALTF,1
PTDNYITTY,CASSGGGGPDTQYF,0
IMLCCMTSC,CASSLDPGVASYNSPLHF,0
FEDLRLLSF,CAGRNMNSGYALNF,1
LRVMMLAPF,CAATSPRRQGGSEKLVF,1
VMVELVAEL,CASSSAGNGYTF,0
TVYGFCLL,CALSGGNKVVF,1
EELKKLLEQWNLVIGFLF,CATSRDLIPRATQYF,1
LVSDGGPNLY,CASSRREGQAEKWEQFF,0
WPWYIWLGF,CASSGLRGSSYNEQFF,0
WESGVKDCVVLHSYFTSDYYQLYSTQLSTDTGVEHVTF,CASSWELNEKLFF,1
ALASCMGLIY,CASSVEGNIQYF,0
VSDGGPNLY,CASSTRSSYEQYF,0
TPSVSSSISSL,CAVDDGDNAGNMLTF,1
ILGFVFTLT,CAWSVERVGQAYGYTF,0
PPAYRPPNAPIL,GAEGADRL,1
PPAYRPPNAPIL,SLAGGVYEQ,1
PPAYRPPNAPIL,SDTNTGKL,1
EELKKLLEQWNLVIGFLF,CASSGGLSYEQYF,1
VMVELVAEL,CASSPERGEETQYF,0
DRFYKTLRAEQASQEV,CASSQTAQYGYTF,1
RQIAPGQTGKIADYNYKL,CASSPPLYTF,1
HSNLNDATY,CASSPGVGYTF,0
FEDLRVSSF,CGTERSGGYQKVTF,1
IMYNYPAM,CASSRDRENSDYTF,1
LWLLWPVTL,CASSQDHGLHPEAFF,0
EELKKLLEQWNLVIGFLF,CASAREGAPTSEQYF,1
IMLCCMTSC,CASSMGPTGYGYTF,0
EELKKLLEQWNLVIGFLF,CASSLDSLPHVLTF,1
RVAGDSGFAAY,CASSSTRDRGQGYGYTF,0
EELKKLLEQWNLVIGFLF,CASSPGPSSYNEQFF,1
FEDLRLLSF,CIVRVAGYGGSQGNLIF,1
SYQTQTNSPRRARSVA,CASSQEVLLDEQFF,1
PLIELCVDEAGSKSPIQYIDIGNYTVSCLPFTINCQE,CASTPAFTDTQYF,1
RTATKAYNV,CASSDYNAEKLFF,0
KPRQKRTAT,TTDSWGKFEF,0
RGYVYQGL,ASSLGVGDTQY,1
ASNENMDAM,VLGDRQGGRALI,1
LLDQLIEEV,CASSLSGTVAKNIQYF,1
WESGVKDCVVLHSYFTSDYYQLYSTQLSTDTGVEHVTF,CASSLVKVRGFDEQFF,1
TTIQTIVEV,CASTLAHGTTMGYTF,0
LMNVLTLVY,CVVIANGGYQKVTF,1
KVKEVCPNV,CVLNNNDMRF,1
HSNLNDATY,CASSQVRYGTDTQYF,0
KVYPIILRL,CASSLPNEQFF,0
SLQGRTLIL,CASSPGGSGTGDEQYF,1
KVCEFQFCNDPFLGVYYHKNNKSWMESEFRVYSSANNCTFEYV,CSASPRTLWGEQFF,1
AEVQIDRLI,CASSEALSGGSETQYF,0
AIDSTGGYK,FDSAITNLG,0
NLLLQYGSFCTQLNRAL,CASSQARQGGRNEQYF,1
HSNLNDATY,CAIRGQDPYEQYF,0
SSIEFARL,LCASRDWGTQNTLYFGAG,1
LVSDGGPNLY,CASSPPDTDTQYF,0
HSNLNDATY,CASSPRGGGELFF,0
FTSDYYQLY,CASSLGGGSTDTQYF,0
FTVLCLTPV,CASSIGTVNTEAFF,0
KLKDCVMYA,CASSIGATEAFF,0
ALKCKGFHV,CASSVSWGGSYEQYF,0
FTPLVPFWI,CASSFAGAWSYTF,0
FTSDYYQLY,CASSLNRGQETQYF,0
NLLLQYGSFCTQLNRAL,CSARDRANAGELFF,1
RLQSLQTYV,ASSYSGGNTEAF,1
SYQTQTNSPRRARSVA,CASSLAGEHYEQYF,1
LRVMMLAPF,CAVRPSDSWGKLQF,1
RTATKAYNV,CATDEEEYGNKLVF,0
MEVTPSGTWL,CASSSWTSGPTDEQFF,0
TVYGFCLL,CAASMNRGSALGRLHF,1
PTDNYITTY,CVVRTDSWGKLQF,1
KINMPMSVK,CILLNNAGNMLTF,1
SSIEFARL,LCAARAWGGVQNTLYFGAG,1
SGPDNGAVAVL,CAMHLSGSFNKLTF,1
LLDQLIEEV,CAISESLAKNIQYF,1
LPDDFTGCVIAWNSNNLDSKVGGNYNYLYRLFRKSNLKPFERD,CASSSGTGPYEQYF,1
VMVELVAEL,CASSDTGYDSPLHF,0
GKTELLAPF,CAVSFPAGANSKLTF,1
VLQLPQGTTLPKGFYA,CASSQGGLSGTPEQFF,1
LIDFYLCFL,CSALTWAGIGTEAFF,0
SLLMPILTL,CATSGLATYEQYF,0
MPYFFTLLL,CASSLSRANSPLHF,0
PTDNYITTY,CASSLLAGPNTGELFF,0
KQIYKTPPI,CASSYEGAGYGYTF,0
LPRWYFYYL,CVVILSGGYNKLIF,1
RTQSPRRR,CASSFGGGGLAEL,1
EELKKLLEQWNLVIGFLF,CASSGTGLDSGNTIYF,1
SGPDNGAVAV,CAVKGGSALGRLHF,1
EELKKLLEQWNLVIGFLF,CASSLAGHLDQPQHF,1
LCWKCRSKNPLLYDANYFLCWHTNCYDYCIPYNSVTSS,CASSAGTGDLQPQHF,1
ASSRANYEQY,SIITFEKL,0
SYQTQTNSPRRARSVA,CATSGDSQIYNEQFF,1
NMINFAPNI,CAFRVSHDMRF,1
FEDLRVLSF,CADLPIKAAGNKLTF,1
RTATKAYNV,CSASHPGDSPLHF,0
LLDQLIEEV,CSARDHQVRSQGITFF,1
SYQTQTNSPRRARSVA,CASTRRSGRDFANYGYTF,1
KMVTVCPNT,CVVTEYSGGGADGLTF,1
RPIIRPATL,CLVGDRAGNMLTF,0
TAFTIPSI,CVVSERAGGYQKV,1
RPIIRPATL,CASSLVGGEAFF,0
ARSVASQSIIAYTMSLGAENSVAYSNNSIAIPTNFTISVTTEI,CSVGGRPGQGAMYEQYF,1
FEDLRLLSF,CAESYMGGSSNTGKLIF,1
PTDNYITTY,CAISEDVGQPQHF,0
ILSRLDKVEAEVQIDRLITGRLQSLQTYVTQQLIRAAEIRASA,CASSMGQEQFF,1
SYQTQTNSPRRARSVA,CASSSFGRTLEDEKLFF,1
TVYGFCLL,CAVSANYAQGLTF,1
SYQTQTNSPRRARSVA,CASSQVRGDEQFF,1
SPSYVYHQF,CALWELSNTGYQNFYF,1
RLQSLQTYV,CASSPMMDEQFF,0
RTQSPRRR,CASSLFYGGGAYEQYF,1
HSNLNDATY,NTGNQFYF,0
RTATKAYNV,CASVDSNYQLIW,0
MEVTPSGTWL,CAMGTATDSWGKLQF,1
NLLLQYGSFCTQLNRAL,CSASDRANYGYTF,1
LLDQLIEEV,CASSSLGVGHEQFF,1
KVYPIILRL,CSARPPAENSPLHF,0
LLDQLIEEV,CATPRPQHF,1
WPVTLACFV,CAAVSAEAQGGSEKLVF,0
ARSVASQSIIAYTMSLGAENSVAYSNNSIAIPTNFTISVTTEI,CASSLVAPSSYNSPLHF,1
EELKKLLEQWNLVIGFLF,CASIHRDRYGYTF,1
LLDQLIEEV,CSARPSLASEAFF,1
LLLEWLAMA,CASGDGGRDYGYTF,0
NLLLQYGSFCTQLNRAL,CATSDPGTGDSQPQHF,1
EELKKLLEQWNLVIGFLF,CASSLVGTGNNEQFF,1
MEVTPSGTWL,CASSPAGYYEQYF,0
NLLLQYGSFCTQLNRAL,CASPTSGRGELFF,1
VSDGGPNLY,CAMSSTSGTYKYIF,1
AALYGNEKIT,KAVSNFATM,0
RLQSLQTYV,CAVEYSSASKIIF,0
LRVMMLAPF,CAVLMEYGNKLVF,1
RLITGRLQSL,CVVSPINYGQNFVF,1
RPIIRPATL,CASQGFGNTEAFF,0
RTQSPRRR,CASSIGVMDGYTF,1
FLHVTYVPA,CASSDLSTHGYTF,0
RLITGRLQSL,CALSEGYNFNKFYF,1
KVKEVCPNV,CVGNNNDMRF,1
NLLLQYGSFCTQLNRAL,CATSGADRGDNQPQHF,1
RQIAPGQTGKIADYNYKL,CAWSVEGNTEAFF,1
TVYGFCLL,CAVSASYAQGLTF,1
KSPWFTTL,CAIDPDTGKLTF,1
YTVKYPNL,CASSLVGSGNTLYF,1
MEVTPSGTWL,CASSFMVVAGGAVGTDTQYF,0
VYFLQSINF,CASTGQNNEQFF,0
QELIRQGTDY,CASSQSGDSSYPQHF,0
FEDLRLLSF,CAMRGSGMNNDMRF,1
TVYGFCLL,CAAKRPSSFSKLVF,1
ILSPFLPLL,QHPAT,1
SLQGRTLIL,CASSEQGPYSAETLYF,1
SYQTQTNSPRRARSVA,CASSPMRTGGYNEQFF,1
LKKRWQLALSKGVHFVCNLLLLFVTVYSHLLLVAAGLE,CSAAGSTYEQYF,1
SYQTQTNSPRRARSVA,CASSPNPGQGFYEQYF,1
RTATKAYNV,CLVVLEEDTDKLIF,0
PTDNYITTY,CASSPDIDKQYF,0
NLLLQYGSFCTQLNRAL,CASSLGGGRPETQYF,1
RTATKAYNV,CASSLGPGLASDTQYF,0
PTNGVGYQPYRVVVLSFELLHAPATVCGPKKSTNLVKNKCVNF,CASSLDTQYF,1
ILKGKFQTA,CAMSAYLYGNKLVF,0
WESGVKDCVVLHSYFTSDYYQLYSTQLSTDTGVEHVTF,CATEGGANNEQFF,1
YTMADLVYA,CASSDRGTGELFF,0
TPSVSSSISSL,CAVRDKVLGQKLLF,1
PTNGVGYQPYRVVVLSFELLHAPATVCGPKKSTNLVKNKCVNF,CASSYSPGTLTGELFF,1
DLGDISGINASVVNIQKEIDRLNEVAKNLNESLIDLQELGKYE,CSARKPREEYNEQFF,1
GCQEICPAC,CVVPLYSSASKIIF,1
ILKGKFQTA,CASGGPGNDYGYTF,0
LSYYKLGASQRVAGDSGFAAYSRYRIGNYKLNTDHSS,CASSLAGYRELFF,1
FTSDYYQLY,CASSYLMTGNEQYF,0
KSVNITFEL,CASSSGGYNVQFF,0
AVTTDSWGKLQ,LLFGFAVYV,0
FEDLRLLSF,CAGENTYNFNKFYF,1
FEDLRLLSF,CAVRLTRDNYGQNFVF,1
IMYNYPAM,AVSGGSALGRLH,1
LACFVLAAV,CAVTTTDSWGKLQF,1
EELKKLLEQWNLVIGFLF,CSASLETSRQFF,1
LPRWYFYYL,CSARGGDSAYEQYF,1
LLDQLIEEV,CASSLSGQWRYSNQPQHF,1
SYQTQTNSPRRARSVA,CASSLEVTDYEQYF,1
VGATYYFNKNMSTYVDYKIN,CASSLIEGTRGYTF,1
SLLMPILTL,CASSSPVETQYF,0
TVYGFCLL,CALIPNYNQGKLIF,1
MLDMYSVML,CSVEYEGMGKNIQYF,0
LKKRWQLALSKGVHFVCNLLLLFVTVYSHLLLVAAGLE,CASRLAGDGYNEQFF,1
RTQSPRRR,CASSEQGADNSPLHF,1
ATIPIQASLPFGWLIVGVALLAVFQSASKIITLKKRWQ,CASSFTGGATGELFF,1
LCWKCRSKNPLLYDANYFLCWHTNCYDYCIPYNSVTSS,CASSYPGLAGGPIDTQYF,1
ASRPGLAGGRPEQY,LLFGYPVYV,0
FEDLRVLSF,CAATYTAGGTSYGKLTF,1
RPIIRPATL,CAMNSGGSNYKLTF,0
SNVKNLYEKVRSQLKNNAK,ASSDSAETLY,1
RTATKAYNV,CAFIVPQGGSEKLVF,0
HSNLNDATY,CASSQGYNEQFF,0
TPSVSSSISSL,CAVWVPGTYKYIF,1
FTPLVPFWI,CASSEYGGYTF,0
RTQSPRRR,CASRHRGGNTEAFF,1
LSYYKLGASQRVAGDSGFAAYSRYRIGNYKLNTDHSS,CASSIAAGAGGAPGANVLTF,1
HSNLNDATY,CSARVQGEGQPQHF,0
ILKGKFQTA,CASSLGTSGGYEQFF,0
ATIPIQASLPFGWLIVGVALLAVFQSASKIITLKKRWQ,CSADGATNEKLFF,1
RPIIRPATL,CALTSYGQNFVF,0
FVSNGTHWF,CASSLASGEKLFF,1
ILSRLDKVEAEVQIDRLITGRLQSLQTYVTQQLIRAAEIRASA,CASSYSTSGGSEQFF,1
TCSALGARNSDYT,FDSAITNLG,0
FEDLRLLSF,CAVSVRADKLIF,1
KVCEFQFCNDPFLGVYYHKNNKSWMESEFRVYSSANNCTFEYV,CSALAGIHQPQHF,1
FTPLVPFWI,CAVILTDSWGKLQF,1
ALASCMGLIY,CASSYDQGAEAFF,0
LCWKCRSKNPLLYDANYFLCWHTNCYDYCIPYNSVTSS,CASSPGKGYTF,1
NSSTCMMCY,CASSQIGRTNEKLFF,0
LPRWYFYYL,CALLGGFSGTYKYIF,1
RLQSLQTYV,CASMGEGAKNIQYF,0
TVYGFCLL,CAFFMNYNQGKLIF,1
TVYGFCLL,CALIMNYNQGKLIF,1
SNVKNLYEKVRSQLKNNAK,ASSNERLF,1
DTDFVNEFY,CASSRPTEKNEQFF,0
SYQTQTNSPRRARSVA,CATSPAGEDEQFF,1
LCWKCRSKNPLLYDANYFLCWHTNCYDYCIPYNSVTSS,CASSIIGAGLAGDYQETQYF,1
LKKRWQLALSKGVHFVCNLLLLFVTVYSHLLLVAAGLE,CSARERGSVEQYF,1
LKKRWQLALSKGVHFVCNLLLLFVTVYSHLLLVAAGLE,CSASWETPNFDEQYF,1
LKKRWQLALSKGVHFVCNLLLLFVTVYSHLLLVAAGLE,CSASGQGNEKLFF,1
FEDLRLLSF,CALSAGGLDQAGTALIF,1
FEDLRVLSF,CAVSYTGGFKTIF,1
ILSRLDKVEAEVQIDRLITGRLQSLQTYVTQQLIRAAEIRASA,CSARDLAGAYNEQFF,1
LLFLVLIML,CASSPRGVPPTLYGYTF,0
FPTKDVAL,CASSQDRASPLHEQFF,1
PPAYRPPNAPIL,STSGSWQL,1
TLMNVLTLV,CAVDNGRTGNQFYF,1
NQKLIANAF,CAAPRGYSTLTF,1
PTDNYITTY,CASSFRTSSYEQYF,0
SGPDNGAVAVL,CALRPTGGSNAKLTF,1
LVSDGGPNLY,CAGPPFGPETLTF,0
YADVFHLYL,CASPIRNEQFF,0
TLLALHRSYLTPGDSSSGWTAGAAAYYVGYLQPRTFLLKYNEN,CASSLAWDGKSYEQYF,1
ALSGFYNTDKLI,LPEPLPQGQATAY,0
LVSDGGPNLY,CAWSRFGGFGYGYTF,0
RLQSLQTYV,CAVSDLDNNDMRF,0
PPAYRPPNAPIL,SHWGSSYEQ,1
LLYDANYFL,CASSGPRGVGETQYF,0
TVYGFCLL,CALGEGYNQGKLIF,1
SLQGRTLIL,CASSGTGGNSDYTF,1
VGATYYFNKNMSTYVDYKIN,CAYSRRGGGADGLTF,1
GLDNHTILL,CAVWSNTGNQFYF,1
DRFYKTLRAEQASQEV,CASRPLATADTQYF,1
LKKRWQLALSKGVHFVCNLLLLFVTVYSHLLLVAAGLE,CAIMEGPGANVLTF,1
FLAHIQWMV,TTDSWGKFEF,0
FTSDYYQLY,CASSPWTGTGYEQYF,0
HSNLNDATY,CASSAGANSYNEQFF,0
FTSDYYQLY,CASTDLNTGELFF,0
EELKKLLEQWNLVIGFLF,CATLYGRGKGETQYF,1
SPIFRIVAA,CASSTLLYEQYF,0
DTDFVNEFY,CASSQGGGVNEQFF,0
RPIIRPATL,CSASGRVLGGELFF,0
PTNGVGYQPYRVVVLSFELLHAPATVCGPKKSTNLVKNKCVNF,CASSITGSPSYEQYF,1
YTVKYPNL,CASSQDWGSAETLYF,1
PLIELCVDEAGSKSPIQYIDIGNYTVSCLPFTINCQE,CASSPSPGNQPQHF,1
KQIYKTPPI,CASSYSPGQAFSANSPLHF,0
RTQSPRRR,CASSTGTSGSQFF,1
DRFYKTLRAEQASQEV,CASSEAASGVGEQYF,1
AIMEKNIVL,CAGQPFYSGNTPLVF,1
RPIIRPATL,CASSVERLSGANVLTF,0
TPSVSSSISSL,CAVRAITGGGNKLTF,1
YADVFHLYL,CASSFLSAGGGTDTQYF,0
RTATKAYNV,CASSQELALFNEQFF,0
FEDLRLLSF,CAFMRGFGNVLHC,1
PTDNYITTY,CASSLRSNSYEQYF,0
RYPLTFGW,CASSQPTGREQYF,1
MEVTPSGTWL,CASSPHRTYNEQFF,0
EELKKLLEQWNLVIGFLF,CASSSLVENEKLFF,1
FPTKDVAL,CASSQVGHEQFF,1
RQIAPGQTGKIADYNYKL,CAWYEPGQLNSPLHF,1
SLQGRTLIL,CASGTGTGGYEQYF,1
NLLLQYGSFCTQLNRAL,CATSDPRGGNNQPQHF,1
LRVMMLAPF,CATYNFNKGFYF,1
TVYGFCLL,CAASENYNQGKLIF,1
TVYGFCLL,CVVEDFGGSNAKLTF,1
PTDNYITTY,CSAIDRVDVYEQYF,0
TVYGFCLL,CVLGIEYYAQGLTF,1
NLLLQYGSFCTQLNRAL,CSAQVGQPQHF,1
LLLEWLAMA,CASSFGTGTMNTEAFF,0
LPRWYFYYL,CAIPGYSSASKIIF,1
LVSDGGPNLY,CASSEGYAYEQYF,0
LWFHISCLTF,CASSPMVGGAYNEQFF,1
PLIELCVDEAGSKSPIQYIDIGNYTVSCLPFTINCQE,CASTDSNYGYTF,1
SSIEFARL,LCASRDWGGQNTLYFGAG,1
KSVNITFEL,CATIRRLAGGISTDTQYF,0
LLDQLIEEV,CSARAGLADTQYF,1
RQIAPGQTGKIADYNYKL,CSVLIVRTNTEAFF,1
VYFLQSINF,CASSPSARSSYEQYF,0
LPRWYFYYL,CAVVRFSDGQKLLF,1
SYQTQTNSPRRARSVA,CASKSWDSLTYEQYF,1
MEVTPSGTWL,CASRLTGRSYEQYF,0
VYFLQSINF,CASSVDGGEFYEQYF,0
SLQGRTLIL,CASSLGGFSNERLFF,1
EELKKLLEQWNLVIGFLF,CASNWRDEKLFF,1
NQKLIANAF,CASSLEDTLYGYTF,1
VLQLPQGTTLPKGFYA,CASSLGLAENNEQFF,1
RQIAPGQTGKIADYNYKL,CASRGYGYTF,1
KINMPMSVK,CAEMRNKLTF,1
NLLLQYGSFCTQLNRAL,CASSEGLNNQPQHF,1
GFIKQYGDCLGDIAARDLICAQKFNGLTVLPPLLTDEMIAQYT,CASSQSSGVEGETQYF,1
LVSDGGPNLY,DTGRRALTF,0
SYQTQTNSPRRARSVA,CASSLAGHPSYEQYF,1
ATIPIQASLPFGWLIVGVALLAVFQSASKIITLKKRWQ,CSARTSGRALDTQYF,1
ILGFVFTLT,CASSQDVGQLYGYTF,0
AEMEFCPCC,CVVPLYSSASKIIF,1
SGPDNGAVAV,CAVRSNYNVLYF,1
WLLWPVTLA,CASSSTGGRSTTEQYF,0
HSNLNDATY,NSGYSTLTF,0
KINMPMSVK,CVVIMSNAGNMLTF,1
RQIAPGQTGKIADYNYKL,CASSDPTGDAGYTF,1
ILSRLDKVEAEVQIDRLITGRLQSLQTYVTQQLIRAAEIRASA,CASSPPEATNTGELFF,1
LLDDFVEII,CASSLPRNSSGSSYNEQFF,0
VYIGDPAQL,CASRQILYNEQFF,0
VYFLQSINF,CASSFNVNTEAFF,0
RYPLTFGW,CASSQDLSTDTQYF,1
NQKLIANAF,CASSPGLAGGVNEQYF,1
LLDQLIEEV,CASSLAFRGSTDTQYF,1
KAALDLSHF,CASSLLAGGSLDEQFF,1
KSPWFTTL,AVSADSNYQLI,1
LKKRWQLALSKGVHFVCNLLLLFVTVYSHLLLVAAGLE,CASSLTSGRWDEQFF,1
FEDLRVLSF,CAGLRGAGSYQLTF,1
ILSRLDKVEAEVQIDRLITGRLQSLQTYVTQQLIRAAEIRASA,CASSGDTGAANEQFF,1
WESGVKDCVVLHSYFTSDYYQLYSTQLSTDTGVEHVTF,CASSLAWTGSEAFF,1
KLNEEIAII,CASSLAPDNSNQPQHF,0
THLMVLCCV,CVVPLYSSASKIIF,1
LKKRWQLALSKGVHFVCNLLLLFVTVYSHLLLVAAGLE,CARGGLAGGPEQYF,1
MLDMYSVML,CASSQDFPGTYGYTF,0
MPYFFTLLL,CASSHRGGPNYGYTF,0
PLIELCVDEAGSKSPIQYIDIGNYTVSCLPFTINCQE,CASSEGGARNEKLFF,1
VLQLPQGTTLPKGFYA,CASNLGDNEQFF,1
RTQSPRRR,CASSDFLKPYEQYV,1
LKKRWQLALSKGVHFVCNLLLLFVTVYSHLLLVAAGLE,CSASLEASQETQYF,1
TLMNVITLV,CSARAPDRADEQFF,0
RLQSLQTYV,AWSAGVTMNTEAF,1
FLAHIQWMV,CATSDRPYGYTF,0
KSVNITFEL,CASRSGQLTTNEKLFF,0
TPSVSSSISSL,CAFNAVDGNNRLAF,1
FEDLRVSSF,CAGRNMNSGYALNF,1
SPSYVYHQF,CIVTASSGSFNKLTF,1
FVSNGTHWF,CASSPRDRDFYGELFF,1
SPSYVYHQF,CILDTGYQNFYF,1
RTQSPRRR,CSVQGASYEQYF,1
RLQSLQTYV,CATASNQAGTALIF,0
FNGIGVTQNVLYENQKLIANQFNSAIGKIQDSLSSTASALGKL,CASNQGGPTYNEQFF,1
RTQSPRRR,CASTGYWDSDSNQPQHF,1
SLQGRTLIL,CASSLDGRNTEVFF,1
SPIFRIVAA,CLVEGSSYKLIF,1
TVYGFCLL,CAMRGDSGGSNAKLTF,1
IPTITQMNL,CASSPSSYEQYF,0
LLDQLIEEV,CASSRNMGDIQYF,1
SLLMPILTL,CAVAQGAQKLVF,1
TSQWLTNIF,CASSLGNYSNQPQHF,0
RTATKAYNV,CAVYTGNQFYF,0
ILSRLDKVEAEVQIDRLITGRLQSLQTYVTQQLIRAAEIRASA,CASSALGVAGGTDTQYF,1
LLDDFVEII,CASSYGKTGLSGYTF,0
VGATYYFNKNMSTYVDYKIN,CALRGGAGGTSYGKLTF,1
PTDNYITTY,CASSLTGGNYGYTF,0
ALKCKGFHV,CAVRENNNARLMF,0
ILSRLDKVEAEVQIDRLITGRLQSLQTYVTQQLIRAAEIRASA,CASSVPVGLAGVEPGPDTQYF,1
ASSRANYEQY,SIIGFEKL,0
EELKKLLEQWNLVIGFLF,CASSPGTDTGELFF,1
NDMLVCANI,CVVTEYSGGGADGLTF,1
TVYGFCLL,CAALNNVGDNSKLIW,1
EELKKLLEQWNLVIGFLF,CASSTSYEQYF,1
FNGIGVTQNVLYENQKLIANQFNSAIGKIQDSLSSTASALGKL,CASSLEDPIYGYTF,1
FVSNGTHWF,CAEIFSGGYNKLIF,1
VLQLPQGTTLPKGFYA,CASSPDTGGYTF,1
KLKDCVMYA,CASSKPGDSYEQYF,0
LLYDANYFL,CASSLGGSEAFF,0
ATVQGQNLK,CAMSVYNAGNMLTF,1
ASSDAGGRNTLY,FQIVNPHLL,0
HSNLNDATY,CALSDGVPQPQHF,0
RTATKAYNV,CAALNQAGTALIF,0
LPDDFTGCVIAWNSNNLDSKVGGNYNYLYRLFRKSNLKPFERD,CSVEGAPAGSYNEQFF,1
HSNLNDATY,CASSSGGGAGYEQYF,0
FPTKDVAL,CAWSPTGDQPQHF,1
AAFKRSCLK,CAGAIPRDDKIIF,1
RVAGDSGFAAY,CASSQVSGGARETQYF,0
WESGVKDCVVLHSYFTSDYYQLYSTQLSTDTGVEHVTF,CASSDPRTGGELGQPQHF,1
PPAYRPPNAPIL,SLRGSSYEQ,1
LPRWYFYYL,CATDGHDYKLSF,1
KAALDLSHF,CAWETGVRDGYTF,1
KLQFTSLEI,CASRLRGQGFYEQYF,0
NDMLVCANI,CAFRVSHDMRF,1
LVSDGGPNLY,CASSRSSYNSPLHF,0
ASSRANYEQY,SIVNFEKL,0
RYPLTFGW,CAVLDKIIF,1
RLQSLQTYV,CAATDLGGSNAGNMLTF,1
RTATKAYNV,CASSSRLAGQETQYF,0
NQKLIANAF,CASSVGQQLMKNCLF,1
YTMADLVYA,CSVWGREGLNEQFF,0
SGPDNGAVAV,CALRTQVVGQLTF,1
SVLYYQNNV,CASSLVAGALLDTQYF,0
YTVKYPNL,CASSQDLGAETLYF,1
LPQGFSAL,CATSAPFGLGELFF,1
AEVQIDRLI,CASSTGNQPQHF,0
NMLSTVLGV,CAASGEGSNYQLIW,1
LLDQLIEEV,CASRKRHGREKLFF,1
HSNLNDATY,CAVEGSNYQLIW,0
TVYGFCLL,CALRPNYNQGKLIF,1
LLDQLIEEV,CSARPGLSYEQYF,1
LKKRWQLALSKGVHFVCNLLLLFVTVYSHLLLVAAGLE,CASRGQGAKSSYNEQFF,1
TDLGQNLLY,CSVPRQGSTEAFF,1
MADSNGTITVEELKKLLEQWNLVIGFLFLTWICLLQFAYAN,CASSSLTYEQYF,1
PLTFGWCYKL,CAASISTGANSKLTF,0
SMMILSDDA,CASNLGGAINEQFF,0
MEVTPSGTWL,CASSLTSYLYNEQFF,0
LLDQLIEEV,CASSPGGRGGLNIQYF,1
FEDLRVLSF,CAAPLEYGNKLVF,1
VLQLPQGTTLPKGFYA,CASSLSFSALTTLVDEQFF,1
KVYPIILRL,CASSQIKTGLNTEAFF,0
RPIIRPATL,CAEKPSYNTDKLIF,0
ALSGFYNTDKLI,LPEPLPAGQLTAY,0
SYQTQTNSPRRARSVA,CASSPGQGVYEQYF,1
ASNENMDAM,ASSRANYEQY,1
KINMPMSVK,CASSQDGRGGSTDTQYF,1
KVKEVCPNV,CVVPLYSSASKIIF,1
PLIELCVDEAGSKSPIQYIDIGNYTVSCLPFTINCQE,CASSVVPGEAFF,1
YADVFHLYL,CASSPFLGVRYQETQYF,0
AALYGNEKIT,LAIRNDEEL,0
SIIAYTMSL,CASSYSLWGIGDTQYF,0
FEDLRVLSF,CAHVNTNAGKSTF,1
SSIEFARL,LCASRDWGTSAETLYFGSG,1
LKKRWQLALSKGVHFVCNLLLLFVTVYSHLLLVAAGLE,CATSRAGGDTDTQYF,1
TVYGFCLL,CAASNGDSNYQLIW,1
ARSVASQSIIAYTMSLGAENSVAYSNNSIAIPTNFTISVTTEI,CASSYVGGPQYF,1
LKKRWQLALSKGVHFVCNLLLLFVTVYSHLLLVAAGLE,CATLGQLNTEAFF,1
NQKLIANAF,CAASTPDYGQNFVF,1
NQKLIANAF,CAVQASRTYKYIF,1
VMHANYIFW,CAVRDIGPS,0
EELKKLLEQWNLVIGFLF,CASSRTDNTEAFF,1
MEVTPSGTWL,CASSSWVGELFF,0
RTQSPRRR,CATSRLAGETQYF,1
KQIYKTPPI,NNNDMRF,0
GFIKQYGDCLGDIAARDLICAQKFNGLTVLPPLLTDEMIAQYT,CASSLPEGQPYEQYF,1
VSDGGPNLY,CAVHMRF,1
ILSPFLPLL,AGGWR,1
LLYDANYFL,ASSYEGSTEAF,1
ILSRLDKVEAEVQIDRLITGRLQSLQTYVTQQLIRAAEIRASA,CASRPTAGGLADTQYF,1
KVCEFQFCNDPFLGVYYHKNNKSWMESEFRVYSSANNCTFEYV,CASSQYSRPSRETQYF,1
HSNLNDATY,CIVRALEYGNKLVF,0
ARSVASQSIIAYTMSLGAENSVAYSNNSIAIPTNFTISVTTEI,CASRDSGNTIYF,1
MEVTPSGTWL,CASSEVFGASNQPQHF,0
TLMNVLTLV,CAVCQGGSEKLVF,1
PTNGVGYQPYRVVVLSFELLHAPATVCGPKKSTNLVKNKCVNF,CASSLNGGAWGEQFF,1
WLLWPVTLA,CASSWTGTGGDGYTF,0
LKKRWQLALSKGVHFVCNLLLLFVTVYSHLLLVAAGLE,CSVFPGLAGEQYF,1
SPSYVYHQF,CALRAYQGGSAKLIF,1
TPSVSSSISSL,CAGPVWGNKLVF,1
DRFYKTLRAEQASQEV,CAVSAPYGGATNKLIF,1
HSNLNDATY,CASSLRAGGPIDTQYF,0
RTMEVCYNT,CVVTEYSGGGADGLTF,1
KVCEFQFCNDPFLGVYYHKNNKSWMESEFRVYSSANNCTFEYV,CASRTNSIQRNTEAFF,1
VYFLQSINF,CASSWREGTDTQYF,0
TSQWLTNIF,CASSPPNRGQETQYF,0
TRSMWSFNPETNILLNVPLHGTILTRPLLESELVIGAVILR,CASSQLLPRDPNIGNQPQHF,1
RYPLTFGW,CAVAFTGGGNKLTF,1
SIIAYTMSL,CASSPGTSGNEQFF,0
SSIEFARL,LCASSSWGGQNTLYFGAG,1
SGPDNGAVAVL,CAASPVGDNSKLIW,1
SVLYYQNNV,CSVETESYEQYF,0
LSYYKLGASQRVAGDSGFAAYSRYRIGNYKLNTDHSS,CASSPPPGHRWRNYGYTF,1
TLMNVLTLV,CASSGSGPRSYEQYF,0
NFGDQELIRQGTDYKHWPQ,ASRLTSVSTDTQY,1
PTDNYITTY,CASSLTSAYEQYF,0
TAFTIPSI,CAERTGGGNKLTF,1
ASRPGLAGGRPEQY,LLFGYPVFV,0
NLLLQYGSFCTQLNRAL,CASSQERTSGVLRTQYF,1
PTNGVGYQPYRVVVLSFELLHAPATVCGPKKSTNLVKNKCVNF,CASSLGAWGTDTQYF,1
SGPDNGAVAV,CVLSAGTGGLSDKLTL,1
SNVKNLYEKVRSQLKNNAK,TCSAGQYEQY,1
LLYDANYFL,SASGRGDGPTYEQY,1
WPVTLACFV,CSARDRGRIGNQPQHF,0
FLAHIQWMV,CASSPRGVHEQYF,0
LVSDGGPNLY,CASSQEWSSTDTQYF,0
RPIIRPATL,CAFLGPYNNNDMRF,0
PLIELCVDEAGSKSPIQYIDIGNYTVSCLPFTINCQE,CASSFGFPNEQFF,1
KINMPMSVK,CASSLGVLAEGYNEQF,1
ATIPIQASLPFGWLIVGVALLAVFQSASKIITLKKRWQ,CASSLEGNEQFF,1
NLLLQYGSFCTQLNRAL,CSARRGAEAFF,1
PTNGVGYQPYRVVVLSFELLHAPATVCGPKKSTNLVKNKCVNF,CASNWGESSYNEQFF,1
LLDQLIEEV,CASSPSGTVAKNIQYF,1
EELKKLLEQWNLVIGFLF,CASSPGQGLPDTQYF,1
LLDDFVEII,CASSFGDSYNEQFF,0
YTVKYPNL,CSALGVNYAEQFF,1
NYMPYFFTL,CASSKGPGHKYNEQFF,0
SLQGRTLIL,CASSLGQYQDTQYF,1
NLLLQYGSFCTQLNRAL,CSATRGGEQFF,1
AIDSTGGYK,FESAITNLG,0
VSDGGPNLY,CVVNGGGGFKTIF,1
GDCEEEEFEPSTQYEY,CASSAYYGTYEQYF,1
ASSRANYEQY,SIIVFEKL,0
VYFLQSINF,CSATRALGNEQFF,0
EELKKLLEQWNLVIGFLF,CASRDRGSWNYNEQFF,1
NYMPYFFTL,CASSINPSSYNEQFF,0
AALYGNEKIT,KALYDYAPI,0
FEDLRVLSF,CAVRDGGVLRTDKLIF,1
LLYDANYFL,CAVITSGNTPLVF,1
FEDLRVLSF,CIVRVPGLGDSWGKLQF,1
RPIIRPATL,CAVNMIGRGSTLGRLYF,0
FAFACPDGV,CASSLAAGGKKETQYF,0
SIIAYTMSL,CSVKHRGVGQPQHF,0
LLDQLIEEV,CASSRTSGTGVNYGYTF,1
TRSMWSFNPETNILLNVPLHGTILTRPLLESELVIGAVILR,CASSSPADGARTDTQYF,1
GCQEICPAC,CVVTEYSGGGADGLTF,1
VGGNYNYLYRLFRKSNLKP,ASSLVGGNPSTTTYEQY,1
HSNLNDATY,CASRANSLYEQYF,0
TLKNTVCTV,CASSGTEKYNEQFF,0
HSNLNDATY,CASSQDRYNEQFF,0
VLQLPQGTTLPKGFYA,CASRLSSPGYQETQYF,1
DIYKGVYQFKSV,CASSLGGGSYEQYF,1
FEDLRVLSF,CAARGGNDMRF,1
PPAYRPPNAPIL,SLQIYEQ,1
FTSDYYQLY,CASSQTGGLQSHEQFF,0
NLLLQYGSFCTQLNRAL,CSASRGAGGGELFF,1
SGPDNGAVAV,CAMAPLSGSFNKLTF,1
VSDGGPNLY,CAASEASGTYKYIF,1
LKKRWQLALSKGVHFVCNLLLLFVTVYSHLLLVAAGLE,CSEGREAKETQYF,1
MADSNGTITVEELKKLLEQWNLVIGFLFLTWICLLQFAYAN,CASSQDRSEGRNEQFF,1
FEDLRVSSF,CLVGHFMDTGRRALTF,1
ARSVASQSIIAYTMSLGAENSVAYSNNSIAIPTNFTISVTTEI,CASSDGGRTYEQYF,1
MEVTPSGTWL,CASSQQGANEQYF,0
LLYDANYFL,ASSVAGSTEAF,1
AALYGNEKIT,KAVYNFATM,0
LPRWYFYYL,CVVTRYGGSQGNLIF,1
LLYDANYFL,ASSLGGSEAF,1
LKKRWQLALSKGVHFVCNLLLLFVTVYSHLLLVAAGLE,CAISISGADTQYF,1
SYQTQTNSPRRARSVA,CASSQDAGEASDTQYF,1
FVSNGTHWF,CASSQEVGAGDNEQFF,1
ILKGKFQTA,CASTALAGHTDTQYF,0
LSYYKLGASQRVAGDSGFAAYSRYRIGNYKLNTDHSS,CSAYLAGGRINEQFF,1
ASSRANYEQY,SIYRYYGL,0
VYFLQSINF,CASSQVRKGGALGNIQYF,0
SLQGRTLIL,CTCSASNTGQLYF,1
RPIIRPATL,CAGPGLQGGSEKLVF,0
LLDQLIEEV,CASSRTTGTTPLYEQYV,1
FEDLRLLSF,CAVLPIKAAGNKLTF,1
KLQFTSLEI,CASSPWASGRATGELFF,0
ASNENMDAM,SSSWSGSNGEQ,1
RQIAPGQTGKIADYNYKL,CASSPTTGWPHPRFYEQYF,1
FEDLRVSSF,CAAPSNDMRF,1
QRRPQGLPNNTASWFTALTQHGKEDLKFPRGQGVPINT,CASSLSRSYNEQFF,1
DRFYKTLRAEQASQEV,CASRATITGNTIYF,1
NLLLQYGSFCTQLNRAL,CSVNRDTGAGGYTF,1
SKRSFIEDLLFNKVTLA,CAGRQGAQKLVF,1
NSSTCMMCY,CVAGTGSSYEQYF,1
RPIIRPATL,CASSLLRGTDTQYF,0
ALSGFYNTDKLI,LPEPLPQGALTAY,0
NFGDQELIRQGTDYKHWPQ,ASIRDNQRNTEAF,1
TSTLQEQIGW,CAVRDTGGYNKLIF,1
PTNGVGYQPYRVVVLSFELLHAPATVCGPKKSTNLVKNKCVNF,CASLRRQGANEKLFF,1
RVAGDSGFAAY,CASSQDPRGRSSYEQYF,0
ARSVASQSIIAYTMSLGAENSVAYSNNSIAIPTNFTISVTTEI,CASSVRDPRRNTEAFF,1
FTSDYYQLY,CASSQVPGTGYEQYF,0
GLDNHTILL,CASSVTLVGTDTQYF,1
ARSVASQSIIAYTMSLGAENSVAYSNNSIAIPTNFTISVTTEI,CSAGAAGDGGIGATQYF,1
SVLYYQNNV,CASSLGFNEQYF,0
RQIAPGQTGKIADYNYKL,CASSFSGTGISYEQYF,1
ASRPGLAGGRPEQY,MLWGYLQYV,0
AIMEKNIVL,CALSEEGPGANSKLTF,1
YVWKSYVHV,CAVTDSWGKLQF,1
FTSDYYQLY,CASSGPGTGDGWAEAFF,0
RYPLTFGW,CAAGGSSYKLIF,1
RVAGDSGFAAY,CAWSVTPGYNEQFF,0
WPWYIWLGF,CAAGYSGAGSYQLTF,1
ASRPGLAGGRPEQY,LLFGFPVFV,0
ELRSRYWAI,CALSSGTASKLTF,0
LKKRWQLALSKGVHFVCNLLLLFVTVYSHLLLVAAGLE,CASRPGPGGLHPLNSPLHF,1
LLYDANYFL,ASSISGSTEAF,1
MEVTPSGTWL,CSARGRDRTYEQYF,0
EELKKLLEQWNLVIGFLF,CASSQESSPGYEQFF,1
FVSNGTHWF,CARGVRRGETQYF,1
SIIAYTMSL,CASSWTGGTRNTGELFF,0
NLLLQYGSFCTQLNRAL,CSARRANEAFF,1
PPAYRPPNAPIL,SLVTGSYEQ,1
VGATYYFNKNMSTYVDYKIN,CAEGITGGFKTIF,1
GLDNHTILL,CASSELAGGRYEQYF,1
RVAGDSGFAAY,CASSPRPDRELGNTIYF,0
TLLALHRSYLTPGDSSSGWTAGAAAYYVGYLQPRTFLLKYNEN,CASMRQNTGELFF,1
LLYDANYFL,ASSLDSSLGYGYT,1
SNVKNLYEKVRSQLKNNAK,AWSLGGNQDTQY,1
SYQTQTNSPRRARSVA,CASRSDSRPYTEAFF,1
RPIIRPATL,CASSMTFYEQYF,0
SGPDNGAVAVL,CAVRNSNNRIFF,1
KSVNITFEL,CAYQPPGGGNIQYF,0
TVYGFCLL,CVLSADTNTGKLTF,1
PTDNYITTY,CVVRRDSWGKLQF,1
FTVLCLTPV,CASSPGGVRVQPQHF,0
SLQGRTLIL,CASSLALGDEQYF,1
DIYKGVYQFKSV,CASGDAGGRDQDTQYF,1
SLQGRTLIL,CASSLVFGDEQYF,1
LVSDGGPNLY,CAASGGSNYKLTF,0
AVTTDSWGKLQ,LLFGFPVYV,0
AALYGNEKIT,KAAYNFATCGI,0
KVCEFQFCNDPFLGVYYHKNNKSWMESEFRVYSSANNCTFEYV,CSVGAAGELFF,1
WESGVKDCVVLHSYFTSDYYQLYSTQLSTDTGVEHVTF,CASSPPDTTYEQYF,1
KSVNITFEL,CATRQADSPLHF,0
FEDLRVSSF,CGAVLSGTYKYIF,1
LMIERFVSL,CASRVVSGAKNIQYF,0
LACFVLAAV,CASSQGDYRSSTYEQYF,0
FEDLRLLSF,CAARGGNDMRF,1
YVDNSSLTI,CASSHPDGTGQLTDTQYF,0
NLLLQYGSFCTQLNRAL,CASSEAASSQPQHF,1
LLYDANYFL,SARGPGLVHTNEKLF,1
SVLYYQNNV,CASSFWDWDEAFF,0
RGYVYQGL,ASSFRDGTNTEV,1
LLDQLIEEV,CASSRREANYGYTF,1
FTSDYYQLY,CASSFPSGGGEKLFF,0
VLQLPQGTTLPKGFYA,CASTGTGNPNYGYTF,1
VYFLQSINF,CASSFNRANTEAFF,0
SNVKNLYEKVRSQLKNNAK,ASGGTDSGNTLY,1
HSNLNDATY,CASSDWQGATYEQYF,0
NLLLQYGSFCTQLNRAL,CSAARGTGELFF,1
TPSVSSSISSL,CAYSWETSGSRLTF,1
PTDNYITTY,CASSLTGFGEQFF,0
RTATKAYNV,CASSLQNQETQYF,0
PTDNYITTY,CASSRKTDSYEQYF,0
SMMILSDDA,CASSHQMGGTGAATGGYTF,0
TLKNTVCTV,CAWSYDSALYYEQYF,0
VSDGGPNLY,CASSLDGQGPLYGYTF,0
LKKRWQLALSKGVHFVCNLLLLFVTVYSHLLLVAAGLE,CSATQETSPSYEQYF,1
HSNLNDATY,CARSSPGGAQPQHF,0
NMLSTVLGV,CVADTGGFKTIF,1
IMLCCMTSC,CSARDLGGIANYGYTF,0
SYQTQTNSPRRARSVA,CASSLAWGYEQYF,1
LPRWYFYYL,CASSSRGSGDDEQFF,1
YTMADLVYA,CASSLGGNTEAFF,0
YVWKSYVHV,TTDSWGKFEF,0
ILKGKFQTA,CASSLVGGTEAFF,0
LCWKCRSKNPLLYDANYFLCWHTNCYDYCIPYNSVTSS,CASSLEASGGGDTQYF,1
HSNLNDATY,CASSLRTGNTEAFF,0
SPSYVYHQF,CAVSKNSGTYQRF,1
PLTFGWCYKL,TTSGTYKYIF,0
RTQSPRRR,CSARDIAETYNEQFF,1
LLYDANYFL,CASSLGGGTSGDTSTDTQYF,0
FEDLRLLSF,CAASSVRQAGTALIF,1
GFIKQYGDCLGDIAARDLICAQKFNGLTVLPPLLTDEMIAQYT,CASTGGVTTDTQYF,1
MEVTPSGTWL,ASSLYAGANTEAF,1
NLLLQYGSFCTQLNRAL,CSARKPAGNTEAFF,1
RTQSPRRR,CASRFAGTGNNEQYF,1
LKKRWQLALSKGVHFVCNLLLLFVTVYSHLLLVAAGLE,CAIGTGTYEQYF,1
SSIEFARL,LCASSIGTNSGNTLYFGEG,1
VYFLQSINF,CASRDTGELFF,0
ATVQGQNLK,CAYRSFYTGANSKLTF,1
WPVTLACFV,CASSGRDYTYEQYF,0
SSIEFARL,LCASSPWGGAGEQYFGPG,1
DRFYKTLRAEQASQEV,CAVRDVNTGFQKLVF,1
LVSDGGPNLY,CVVYHNTDKLIF,0
RGYVYQGL,ASSFVGSYEQY,1
VYFLQSINF,CALRKYSNYQLIW,1
FEDLRLLSF,CAVRVTGGADGLTF,1
TRLALIAPK,CATYNFNKGFYF,1
RYPLTFGW,CASSSYQHTGELFF,1
GDCEEEEFEPSTQYEY,CASSLGSLGQGSEKLFF,1
KSVNITFEL,CASSPAAGAGELFF,0
LLYDANYFL,ASSPPGQPYEQY,1
ARSVASQSIIAYTMSLGAENSVAYSNNSIAIPTNFTISVTTEI,CASSSNPNYEQYF,1
KSVNITFEL,CASSLNSNTEAFF,0
DRFYKTLRAEQASQEV,CAMREGAGGTSYGKLTF,1
LKKRWQLALSKGVHFVCNLLLLFVTVYSHLLLVAAGLE,CASSQDPGVNEQFF,1
TVYGFCLL,CALSDRDSNNRIFF,1
VGGNYNYLYRLFRKSNLKP,AWSGPAGSMSGELF,1
ASSRANYEQY,SGPSNTPPEI,0
ILSPFLPLL,QSPDQ,1
GFIKQYGDCLGDIAARDLICAQKFNGLTVLPPLLTDEMIAQYT,CSARGRGGAISYEQYF,1
TVYGFCLL,CAVSTGANTGKLTF,1
TVYGFCLL,CATGSTGNYKYVF,1
HSNLNDATY,CASSPPLSYEQYF,0
WLKNKLIPEVKEKHEFLSRL,ATRSTGNIYNEQF,1
EELKKLLEQWNLVIGFLF,CASSHPGDDSGNTIYF,1
KLNEEIAII,CASSLSTHESYNEQFF,0
RGYVYQGL,AMRGDYGGSGNKLI,1
HSNLNDATY,CASSLGTGGNSPLHF,0
LLYDANYFL,ASSLTSGGPTSDTQY,1
FEDLRVLSF,CAMKGPYNFNKFYF,1
TLLALHRSYLTPGDSSSGWTAGAAAYYVGYLQPRTFLLKYNEN,CASSFTGLEQFF,1
DRFYKTLRAEQASQEV,CASRRTATSPPSFF,1
LCWKCRSKNPLLYDANYFLCWHTNCYDYCIPYNSVTSS,CASSLGWDEQFF,1
NQKLIANAF,CAVNAGQAGTALIF,1
LLYDANYFL,CASSLYEDRANWEQYF,0
KVYPIILRL,CASSIGNVEAFF,0
RTQSPRRR,CSASVGDESYEQYF,1
VMHANYIFW,CASTSMGAGAANTEAFF,0
VYFLQSINF,CASSPNQGPDTGELFF,0
FTSDYYQLY,CAYIYAGNNRKLIW,1
FTSDYYQLY,CASSLGGSSTDTQYF,0
PTDNYITTY,CASSFQNGPSPQATQYF,0
FTSDYYQLY,CASSSFAGTGELFF,0
VYFLQSINF,CASSLSSGGTYNEQFF,0
VAAGLEAPFLYLYALVYFLQSINFVRIIMRLWLCWKCR,CASSPPAPYEQYF,1
LMNVLTLVY,CASITRLAGELFF,0
RPIIRPATL,CAENAFYNTDKLIF,0
TSAMQTMLF,CSVVDRGRFYNEQFF,0
ELRSRYWAI,CASSGGREQFF,0
DIYKGVYQFKSV,CASSLDWGAYEQYF,1
WLKNKLIPEVKEKHEFLSRL,ASSSRDRPTQY,1
KINMPMSVK,CASSWGQSSYEQYF,1
YADVFHLYL,CASSSPDNYREDTEAFF,0
ARSVASQSIIAYTMSLGAENSVAYSNNSIAIPTNFTISVTTEI,CASSQDDRPYEQYF,1
PPAYRPPNAPIL,SLDGGEQ,1
GDCEEEEFEPSTQYEY,CASLGYSGYTF,1
ILSRLDKVEAEVQIDRLITGRLQSLQTYVTQQLIRAAEIRASA,CAWSGTGGRANEQFF,1
MEVTPSGTWL,CASSLGLPGGAKNIQYF,0
MEVTPSGTWL,CASTTYNEQFF,0
ILKGKFQTA,CAVNEGGADGLTF,0
TVYGFCLL,CAVSAFYNQGKLIF,1
EELKKLLEQWNLVIGFLF,CASTTGHGLAGWEFF,1
ARSVASQSIIAYTMSLGAENSVAYSNNSIAIPTNFTISVTTEI,CASTSVFVNGYTF,1
MADSNGTITVEELKKLLEQWNLVIGFLFLTWICLLQFAYAN,CASSPGTSNFF,1
TCSALGARNSDYT,FNSAITNIG,0
ALKCKGFHV,CASSGSLGVGDAEAFF,0
GFIKQYGDCLGDIAARDLICAQKFNGLTVLPPLLTDEMIAQYT,CASSPGGSSYEQYF,1
RTATKAYNV,CASRGERGYEQYF,0
RGYVYQGL,ASSFHISYNSPLY,1
LPRWYFYYL,VLPREKDSSYKLIF,1
WESGVKDCVVLHSYFTSDYYQLYSTQLSTDTGVEHVTF,CASSRAGGPTNEQFF,1
TRLALIAPK,CAVLMEYGNKLVF,1
LIDFYLCFL,CASSPQRREYPYQETQYF,0
GDCEEEEFEPSTQYEY,CASSQEGNGYEQYF,1
LPRWYFYYL,CALSGALYNFNKFYF,1
ILSRLDKVEAEVQIDRLITGRLQSLQTYVTQQLIRAAEIRASA,CASSVVPGRSPLHF,1
KINMPMSVK,CAVRDGNQFYF,1
TLMNVLTLV,CASSAPSYNEQFF,0
ASSDAGGRNTLY,KVANFANTM,0
SGPDNGAVAV,CVLSAGTGGLSGKLTF,1
SGPDNGAVAV,CADPGTQVVGQLTF,1
SSIEFARL,ASRGQGVSDYT,1
VYIGDPAQL,CAAPISSGSARQLTF,1
HSNLNDATY,CASSLLAGGGNTGELFF,0
KSPWFTTL,ALSEGYGNEKIT,1
IMYNYPAM,CAVSPYNVLYF,1
FEDLRLLSF,CAHVNTNAGKSTF,1
LWLLWPVTL,CASSYHAGDRGFGYTF,0
SYQTQTNSPRRARSVA,CASSPEGQTYYGYTF,1
HSNLNDATY,CASRPGQWYEQYF,0
NLLLQYGSFCTQLNRAL,CSAVTFWGLTEAFF,1
RLQSLQTYV,CASPGNMLTF,0
SYQTQTNSPRRARSVA,CASSTLAGTDTGEMFF,1
RPIIRPATL,CAMRESMEYGNKLVF,0
MEVTPSGTWL,CASSFGQGAYNEQFF,0
FEDLRLLSF,CATVPALTQGGSEKLVF,1
RPIIRPATL,CASTVGGPLAKNIQYF,0
SMMILSDDA,CASSPTGLNGYTF,0
KSVNITFEL,CASSSIWTSVNEQFF,0
RYPLTFGW,CADIETPLNQAGTALIF,1
SVLYYQNNV,CASSPSISGTGRQNTEAFF,0
ILSRLDKVEAEVQIDRLITGRLQSLQTYVTQQLIRAAEIRASA,CASSPQTDQETQYF,1
MIAQYTSALLAGTITSGWTFGAGAALQIPFAMQMAYRFNGIGV,CASSPRRPQTSLGRTFF,1
HSNLNDATY,CALLWGDAGFQKLVF,0
SNVKNLYEKVRSQLKNNAK,TCSADSGNTLY,1
VFLVLLPLV,TTDSWGKFEF,0
EYLVSFGVW,CAFMKQRYASNQFYF,1
LKKRWQLALSKGVHFVCNLLLLFVTVYSHLLLVAAGLE,CASSLYLEMDRTNEQFF,1
RYPLTFGW,CAAFKTSYDKVIF,1
PPAYRPPNAPIL,SLDTYEQ,1
PLIELCVDEAGSKSPIQYIDIGNYTVSCLPFTINCQE,CASSFTPGPLYNEQFF,1
LLYDANYFL,CASSWTGSTEAFF,0
RYPLTFGW,CALGELGAPGTYKYIF,1
MADSNGTITVEELKKLLEQWNLVIGFLFLTWICLLQFAYAN,CASSPAGTATYEQYF,1
LKKRWQLALSKGVHFVCNLLLLFVTVYSHLLLVAAGLE,CASSSEQGMGGNEQFF,1
RLQSLQTYV,CANPDRNTGELFF,0
KLKDCVMYA,CAISGPEDYYEQYF,0
FTSDYYQLY,CASSYQDTRGLSPGELFF,0
KYTSFPWL,CAAKAAGGGADGLTF,1
NNSYECDIPIGAGICASYQ,ASSPGNVASGRYQETQY,1
ASPGLAGEYEQY,LPEPLPQGQLTAY,0
SLQGRTLIL,CASSPGVGNTLYF,1
KSPWFTTL,CALGDRDYSNNRLTL,1
VENPHLMGWD,CASSSLNTEAFF,0
ASSDAGGRNTLY,LAIRNDEEL,0
MEVTPSGTWL,SARGPVGRPTYNEQF,1
TSTLQEQIGW,CIVRFRSNAGNMLTF,1
PTDNYITTY,CAINKESDSYEQYF,0
LKKRWQLALSKGVHFVCNLLLLFVTVYSHLLLVAAGLE,CSADGQGFYSNQPQHF,1
AALYGNEKIT,KAPYNFATM,0
LMNVLTLVY,CASSYRQGATEAFF,0
NLLLQYGSFCTQLNRAL,CASSEGASRQPQHF,1
FEDLRVSSF,CAATYTAGGTSYGKLTF,1
SNVKNLYEKVRSQLKNNAK,ASSDRSNSDYT,1
GQMWLLAPR,CAVPNQAGTALIF,1
SPSYVYHQF,CATDANQGGSAKLIF,1
KSVNITFEL,CSAAGQGDTQYF,0
DRFYKTLRAEQASQEV,CATGGETSGSRLTF,1
HSNLNDATY,CATAGVSGYSTLTF,0
ARSVASQSIIAYTMSLGAENSVAYSNNSIAIPTNFTISVTTEI,CAIQRGLGQETQYF,1
TAFTIPSI,CAVSEGGATNKLIF,1
THLMVLCCV,CVVTEYSGGGADGLTF,1
ELRSRYWAI,CASSHHRDRGEAGELFF,0
SIIAYTMSL,CATSREWPGELFF,0
KINMPMSVK,CAAHYGNKLVF,1
LPRWYFYYL,CASSHLVGSAIAKNIQYF,1
GDCEEEEFEPSTQYEY,CASSPRQGWQETQYF,1
DIYKGVYQFKSV,CASSRLGGREQYF,1
LWLLWPVTL,CASSAVSYNEQFF,0
VSDGGPNLY,CAGPDPGGYQKVTF,1
TSAMQTMLF,CASSLPLRASNYGYTF,0
NLLLQYGSFCTQLNRAL,CSAREAGLSNQPQHF,1
KINMPMSVK,CSARDGGRGYQETQY,1
FEDLRVLSF,CAMRVPGQNFVF,1
EELKKLLEQWNLVIGFLF,CASSESLDPDTQYF,1
LPRWYFYYL,CALCIDYKLSF,1
SYQTQTNSPRRARSVA,CASSGTGGETQYF,1
SPIFRIVAA,CAVRVRDSWGKFQF,1
RTATKAYNV,CATDAGLTGGGNKLTF,0
LLDQLIEEV,CASSRGMGAAQYF,1
ATIPIQASLPFGWLIVGVALLAVFQSASKIITLKKRWQ,CASSPRDRSDTGELFF,1
SPIFRIVAA,CASSQDRIRQARTGELFF,0
VMVELVAEL,CASAGTENTGELFF,0
KSVNITFEL,CASSRTGSSYNEQFF,0
LLDQLIEEV,CASSTGRADEQYF,1
ARSVASQSIIAYTMSLGAENSVAYSNNSIAIPTNFTISVTTEI,CASSFGPTAYEQYF,1
LLYDANYFL,ASSPRESGETQY,1
KINMPMSVK,CALSPGGSQGNLIF,1
LKKRWQLALSKGVHFVCNLLLLFVTVYSHLLLVAAGLE,CASSLASGRITEAFF,1
KINMPMSVK,CASSLGLNTEAFF,1
FSTQFAFACPDGVKHVYQLRARSVSPKLFIRQEEV,CASSTQGVTEAFF,1
ASSDAGGRNTLY,KAVSNFATM,0
FTSDYYQLY,CASRLRGDSYEQYF,0
ELRSRYWAI,CAVRKYGNKLVF,0
GCQEICPAC,CVVALYSGGGADGLTF,1
GLDNHTILL,CAVINDYKLSF,1
TVYGFCLL,CALGDPPNTGKLTF,1
FTVLCLTPV,CASSPPKRVGGETQYF,0
LLYDANYFL,CASSLGSSEAFF,0
SLQGRTLIL,CASSPGLGGYEQYF,1
KINMPMSVK,CAGPNSGNTPLVF,1
QELIRQGTDY,CSALPSTEANYGYTF,0
MEVTPSGTWL,CASSLGTLETQYF,0
LLYDANYFL,SARGTEVPDTQY,1
KINMPMSVK,CASSLTGVGNEQYF,1
ELRSRYWAI,CAWRYDGEAFF,0
VLQLPQGTTLPKGFYA,CASSEMAFSYNSPLHF,1
RLQSLQTYV,CAYSELWVRF,0
FEDLRLLSF,CATDAVQSTGGGADGLTF,1
NVFAFPFTI,CASSLGGDRNSPLHF,0
LLYDANYFL,ASSLTSGGPVTDTQY,1
FTSDYYQLY,CADFARLMF,0
SNVKNLYEKVRSQLKNNAK,ASSQSSYEQY,1
ELRSRYWAI,CSVDTGEGGGYTF,0
NLLLQYGSFCTQLNRAL,CASTAWASGIRNEQFF,1
VAAGLEAPFLYLYALVYFLQSINFVRIIMRLWLCWKCR,CTPLLGGDNEQFF,1
FEDLRVLSF,CALSGWGLTGGGNKLTF,1
FEDLRVSSF,CAMRGSGMNNDMRF,1
ASNENMDAM,SSSRSGARAEQ,1
DLGDISGINASVVNIQKEIDRLNEVAKNLNESLIDLQELGKYE,CASSLDAGFDAFF,1
TPSVSSSISSL,CAMIKRDDKIIF,1
LMIERFVSL,CASSQEDRDNSPLHF,0
ILKGKFQTA,CAAKGF,0
NLLLQYGSFCTQLNRAL,CSASRSGGNQETQYF,1
TLMNVLTLV,CASSYGTGSEAFF,0
LPRWYFYYL,CASSLLQGSYNEQFF,1
NQKLIANAF,CASSSPRGSSYNEQFF,1
ASSRANYEQY,SIINFEKL,0
WLKNKLIPEVKEKHEFLSRL,ASRGQGAASPLH,1
LKKRWQLALSKGVHFVCNLLLLFVTVYSHLLLVAAGLE,CASTLGWEMAF,1
SNVKNLYEKVRSQLKNNAK,ASGDLGSGNTLY,1
LVSDGGPNLY,CSVEWAFDYTF,0
WNRKRISNCVADYSVLYNS,ASSLQGGGNQPQH,1
SLQGRTLIL,CASSLGLGIYEQYF,1
LLYDANYFL,CASSLGSGGTEAFF,0
TPSVSSSISSL,CAVRSDYKLSF,1
SYQTQTNSPRRARSVA,CASSDDEHTDTQYF,1
LLDQLIEEV,CASSQALGGRDGPPQHF,1
RTQSPRRR,CSASGETYNEQFF,1
ILSPFLPLL,QDPSM,1
FEDLRVLSF,CAGQLPPWETSGSRLTF,1
SIIAYTMSL,CASSYFASGEKFF,0
RTMEVCYNT,CVGNNNDMRF,1
YLFDESGEF,CSARERGHYNEQFF,0
KINMPMSVK,CASSSLGKRGGQNTDTQYF,1
NNSYECDIPIGAGICASYQ,ASSRRQGGVTEAF,1
YLGGMSYYC,CASSQDSWAGGSNEQFF,0
FTVLCLTPV,CASSYSIVSGANVLTF,0
ASSDAGGRNTLY,KAIYRFNAI,0
MEVTPSGTWL,CASSLTLAGATNEQFF,0
SLQGRTLIL,CASSLTGFSYEQYF,1
EELKKLLEQWNLVIGFLF,CASSTGTGYGYTF,1
YTVKYPNL,CAWSHRGSAETLYF,1
SYQTQTNSPRRARSVA,CASRPPGLAAYEQYF,1
QELIRQGTDY,CASSPSNYGYTF,0
EELKKLLEQWNLVIGFLF,CASSLGANLFTDTQYF,1
WNRKRISNCVADYSVLYNS,ASSYVSAGVNEKLF,1
SYQTQTNSPRRARSVA,CAISVRSDEQFF,1
TVYGFCLL,CALSDRDYAQGLTF,1
RPIIRPATL,CAMRDSTGGSNYKLTF,0
TDLGQNLLY,CASSHDYEQYF,1
KINMPMSVK,CAASSNARLMF,1
EELKKLLEQWNLVIGFLF,CASSGGGTYEQYF,1
GLDNHTILL,CATQREGERLDEQFF,1
LWFHISCLTF,CASSYGLRVAGGTYEQYF,1
RLQSLQTYV,CAYSENNNDMRF,0
KAALDLSHF,CASSLDLRTFTYEQYF,1
LRVMMLAPF,CAVMDQDGANSKLTF,1
SYQTQTNSPRRARSVA,CASSGDALDTQYF,1
RYPLTFGW,CAVIFTGGGNKLTF,1
KLQFTSLEI,CASSLSGEYEQYF,0
TVYGFCLL,CAVGTGGYKVVF,1
TVYGFCLL,CAASAWGGSNAKLTF,1
RLITGRLQSL,CATDLKTSYDKVIF,1
ARSVASQSIIAYTMSLGAENSVAYSNNSIAIPTNFTISVTTEI,CASGSGANVLTF,1
LLYDANYFL,SVGNTVFDEQY,1
SVTTEILPVSMTKTSVDCTMYICGDSTECSNLLLQYGSFCTQL,CATSSGWAGGETQYF,1
TAFTIPSI,CSVEGPLAGEADTQYF,1
RLQSLQTYV,CAIWDFGGSTDTQYF,0
SYQTQTNSPRRARSVA,CASSLARGLAGTPTDTQYF,1
RVAGDSGFAAY,CASSQVNRGFYNEQFF,0
NLLLQYGSFCTQLNRAL,CATSDPSRGDNQPQHF,0
TAFTIPSI,CATDDDSARQLTF,1
AVTTDSWGKLQ,LLFGYPVYV,0
VSDGGPNLY,CASTPEGTAFGELFF,1
RTATKAYNV,CVVLMDSSYKLIF,0
AIFYLITPV,CATTPAGKTADQETQYF,0
RGYVYQGL,ASSPGTGQAPL,1
VYFLQSINF,CAEIPGGFKTIF,1
PTNGVGYQPYRVVVLSFELLHAPATVCGPKKSTNLVKNKCVNF,CASSPEGQGTYEQYF,1
ASRPGLAGGRPEQY,LLFGFAVYV,0
WPVTLACFV,CASSYPGGSENEQYF,0
RQIAPGQTGKIADYNYKL,CASTSERSGANVLTF,1
RPIIRPATL,CAENQAGTALIF,0
NLLLQYGSFCTQLNRAL,CATSDPRQGDYQPQHF,1
VLQLPQGTTLPKGFYA,CASSDRTIYEQYF,1
AALYGNEKIT,KAVFNFATM,0
NLLLQYGSFCTQLNRAL,CSARGFWGTGQETQYF,1
PLTFGWCYKL,CTVKENGGGADGLTF,0
SPSYVYHQF,CALSSSGSWQLIF,1
EELKKLLEQWNLVIGFLF,CASSPGLELYEQYF,1
EELKKLLEQWNLVIGFLF,CASSSPRDSSGNTIYF,1
RYPLTFGW,CASSTPGLADSFEQYF,1
LLDDFVEII,CSVTRETNEKLFF,0
PTNGVGYQPYRVVVLSFELLHAPATVCGPKKSTNLVKNKCVNF,CSVERDTSYEQYF,1
TSTLQEQIGW,CASSLDPGANTEAFF,1
KSPWFTTL,ALRGDYSNNRLT,1
LVSDGGPNLY,CSARDGGINQPQHF,0
LPQGFSAL,CASSTTFYHRDEQFF,1
KINMPMSVK,CAYMNSGGYQKVTF,1
MEVTPSGTWL,CASSLDPGLAAYEQYF,0
LLYDANYFL,CASSRQGSQPQHF,0
LLDQLIEEV,CATAPGGAGGANVLTF,1
VAAGLEAPFLYLYALVYFLQSINFVRIIMRLWLCWKCR,CASSSPGRVTEAFF,1
FEDLRLLSF,CAVKGRYNFNKFYF,1
SGPDNGAVAVL,CAMSLTGFASALTF,1
SYQTQTNSPRRARSVA,CASSQDREADNEQFF,1
GLDNHTILL,CASSGWSSYNSPLHF,1
SIIAYTMSL,CASSQGEWVHTDTQYF,0
LKKRWQLALSKGVHFVCNLLLLFVTVYSHLLLVAAGLE,CASSPTSHEQYF,1
EELKKLLEQWNLVIGFLF,CASSARGRAFENEQFF,1
VSDGGPNLY,CAASATSGTYKYIF,1
AEMEFCPCC,CAFRVSHDMRF,1
VYFLQSINF,CASSWGGANNEQFF,0
YADVFHLYL,CSALDGVRPQHF,0
SSIEFARL,LCASSHWGAGTLYFGAG,1
FLALCADSI,CASSELAKGQGEQFF,0
EIQEFCPNT,CAFRVSHDMRF,1
LCWKCRSKNPLLYDANYFLCWHTNCYDYCIPYNSVTSS,CASSFTGVKGEQFF,1
VFLVLLPLV,CSDPVPGRFLVEQYF,0
LKKRWQLALSKGVHFVCNLLLLFVTVYSHLLLVAAGLE,CASSWSLRVTNTGELFF,1
FVSNGTHWF,CASRTGSTDEKLFF,1
EYLVSFGVW,CSARGPGLAGVAETQYF,1
SLLMPILTL,CAISPGGGSYEQYV,1
RTATKAYNV,CASSPGPGTIDTDTQYF,0
SSIEFARL,LCASSYWQALYAEQFFGPG,1
ILSRLDKVEAEVQIDRLITGRLQSLQTYVTQQLIRAAEIRASA,CASSFGHEQYF,1
NLLLQYGSFCTQLNRAL,CATSDFRVGDNQPQHF,0
HSNLNDATY,CAVGTGFQKLVF,0
SPIFRIVAA,CASTPGVYTDTQYF,0
TAFTIPSI,ATDDDSARQLT,1
FEDLRVLSF,CGTERSGGYQKVTF,1
LPRWYFYYL,CAMRVGFQGAQKLVF,1
AIFYLITPV,CASSQETSGSGLDTQYF,0
HSNLNDATY,CALDQTGANNLFF,0
TSQWLTNIF,CASSYGLTDTQYF,0
KINMPMSVK,CASSQSVMNTEAFF,1
RVAGDSGFAAY,CASSVVGTEAFF,0
PLIELCVDEAGSKSPIQYIDIGNYTVSCLPFTINCQE,CASSFPDGDRRTDTQYF,1
HSNLNDATY,CASSLSTGGLREQYF,0
LKKRWQLALSKGVHFVCNLLLLFVTVYSHLLLVAAGLE,CATSDLPGGGETQYF,1
HSNLNDATY,CASSFTGQVNTEAFF,0
SYQTQTNSPRRARSVA,CASSFPRAEAFF,1
EELKKLLEQWNLVIGFLF,CASSIVRSSYNEQFF,1
NLLLQYGSFCTQLNRAL,CSACRGTEAFF,1
RQIAPGQTGKIADYNYKL,CASPPGLAGGRADTQYF,1
ASPGLAGEYEQY,LPEPLAQGQLTAY,0
SIIAYTMSL,CASSEVSYEQYF,0
ALKCKGFHV,CATDSGHNRLAF,0
EELKKLLEQWNLVIGFLF,CASSEALYEQYF,1
VGGNYNYLYRLFRKSNLKP,ASSLQQGAGTDTQY,1
FTSDYYQLY,CASSLSSPGNWEETQYF,0
SLQGRTLIL,CASSLGLGDYEQYF,1
LLDQLIEEV,CSARGGLSYEQYF,1
FEDLRVSSF,CAVEPTNAGKSTF,1
YMPYFFTLL,CATSDGKPFLAGEADTQYF,0
EIQEFCPNT,CVVATYSGGGADGLTF,1
FEDLRVLSF,CAMREVSGGYNKLIF,1
RLQSLQTYV,ASSQDLQGPDEKLF,1
FEDLRVLSF,CAVRDDLWGGATNKLIF,1
PLTFGWCYKL,CASSWGANVLTF,0
LLLEWLAMA,CASSQAWVPTTNEKLFF,0
RPIIRPATL,CAVRNDYKLSF,0
KYTSFPWL,CASSLATGGAYNEQFF,1
FTSDYYQLY,CASSLLTSGGLRETQYF,0
NLLLQYGSFCTQLNRAL,CATSASARGDNQPQHF,1
IMYNYPAM,CASSPDRGNTGQLYF,1
WLKNKLIPEVKEKHEFLSRL,ASSALSSVKKETQY,1
FNGIGVTQNVLYENQKLIANQFNSAIGKIQDSLSSTASALGKL,CASTSPGLAEFAGELFF,1
TLMNVLTLV,CASSPSGLVSYEQYF,0
PTNGVGYQPYRVVVLSFELLHAPATVCGPKKSTNLVKNKCVNF,CASSSWGGSAPDQETQYF,1
EELKKLLEQWNLVIGFLF,CASSSPSENSGNTIYF,1
RTQSPRRR,CASSGNTAGSYEQYF,1
SGPDNGAVAVL,CAPRGFGGSNAKLTF,1
RLQSLQTYV,CAPPALNNAGNMLTF,0
ILSPFLPLL,QDPSH,1
AIMEKNIVL,CAVIPGRRALTF,1
PLIELCVDEAGSKSPIQYIDIGNYTVSCLPFTINCQE,CATSSKTSSGANVLTF,1
PLIELCVDEAGSKSPIQYIDIGNYTVSCLPFTINCQE,CASSREERGGFVNTEAFF,1
RQIAPGQTGKIADYNYKL,CASSDGTEGRTDTQYF,1
ASPGLAGEYEQY,LPEPAPQGQLTAY,0
TVYGFCLL,CAASGSSSFSKLVF,1
NLLLQYGSFCTQLNRAL,CASSEGVSNQPQHF,0
LMIERFVSL,CAGDSWGKFQF,1
FTSDYYQLY,CASSVGGASLETQYF,0
LLDQLIEEV,CASRQSSHNEQFF,1
WLKNKLIPEVKEKHEFLSRL,FTSSAARYEQFF,1
TLMNVITLV,CASSLEPGHSYEQYF,0
MIAQYTSALLAGTITSGWTFGAGAALQIPFAMQMAYRFNGIGV,CASSSSTGEGNQPQHF,1
TLLALHRSYLTPGDSSSGWTAGAAAYYVGYLQPRTFLLKYNEN,CSARDPNRDMLNTGELFF,1
DIYKGVYQFKSV,CAWSLGAETLYF,1
LKKRWQLALSKGVHFVCNLLLLFVTVYSHLLLVAAGLE,CASRDRANTGELFF,1
SNVKNLYEKVRSQLKNNAK,AWRGTANSDYT,1
WPWYIWLGF,CASSPGDSYNEQFF,0
AALYGNEKIT,KATYYDNTA,0
PTDNYITTY,CASSRRTDSHEQYF,0
FVSNGTHWF,CAVRFILTGGGNKLTF,1
HSNLNDATY,CASSEGHSTIYF,0
SNVKNLYEKVRSQLKNNAK,ASRDNYAEQF,1
TVYGFCLL,CAVLTGGYKVVF,1
LPRWYFYYL,CVVTANTGGFKTIF,1
FEDLRVLSF,CAARGGFKTIF,1
TRSMWSFNPETNILLNVPLHGTILTRPLLESELVIGAVILR,CASSLLAGVGDTQYF,1
ILSRLDKVEAEVQIDRLITGRLQSLQTYVTQQLIRAAEIRASA,CASSALGTSGGRNEQFF,1
TRSMWSFNPETNILLNVPLHGTILTRPLLESELVIGAVILR,CASGGTRDRGSVAEAFF,1
SYQTQTNSPRRARSVA,CASSAWTGGDEQFF,1
GDCEEEEFEPSTQYEY,CASSKPGDSYEQYF,1
RIRGGDGKM,CASSSGRNTGELFF,0
QRRPQGLPNNTASWFTALTQHGKEDLKFPRGQGVPINT,CSARLPSLSYEQYF,1
NLLLQYGSFCTQLNRAL,CSATDRVNTGELFF,1
NSSTCMMCY,CASSETGGPYYGYTF,0
VSDGGPNLY,CVAVSSGSARQLTF,1
ILKGKFQTA,CASSLGTSGGYEQYF,0
NLLLQYGSFCTQLNRAL,CATSDPGAGDIQPQHF,1
AMQTMLFTM,CASSIAARDYGYTF,0
ATIPIQASLPFGWLIVGVALLAVFQSASKIITLKKRWQ,CASSEFAGHYEQYF,1
SLQGRTLIL,CASSLAQTYEQYF,1
RTQSPRRR,CSESLSLAGVYNEQFF,1
NLLLQYGSFCTQLNRAL,CSAPRGSNEKLFF,1
KSVNITFEL,CAAPYSKIIF,0
SSIEFARL,AAVSNYNVLY,1
NQKLIANAF,CALRPLNNARLMF,1
LLYDANYFL,CATSGALAGGRTDTQYF,0
MEVTPSGTWL,CASSVTSGGQDTQYF,0
FEDLRLLSF,CAVLRGAGSYQLTF,1
NLLLQYGSFCTQLNRAL,CSATDRVGYGYTF,1
MEVTPSGTWL,ASSQDRGVLSYEQY,1
EELKKLLEQWNLVIGFLF,CSVGPGLNQPQHF,1
WPVTLACFV,CASSKWGTTGELFF,0
VGATYYFNKNMSTYVDYKIN,CMGLTTDSWGKLQFT,1
NLLLQYGSFCTQLNRAL,CASSEGGSAQPQHF,1
KINMPMSVK,CAVSEGNKLTF,1
VGATYYFNKNMSTYVDYKIN,CAFMKHFANNNARLMF,1
LVSDGGPNLY,CASSLDGTGYYEQYF,0
WESGVKDCVVLHSYFTSDYYQLYSTQLSTDTGVEHVTF,CASYPVPGAGDTGELFF,1
LLDDFVEII,CASSQDRQRGGGDTQYF,0
SYQTQTNSPRRARSVA,CASSPDRGGEQYF,1
LLDQLIEEV,CASGRGPGYEQYF,1
SGPDNGAVAV,CALRTQDVGQLTF,1
RTQSPRRR,CASSEALDGSYEQYF,1
HSNLNDATY,CAAPSSGSARQLTF,0
LLFLVLIML,CASSTWDTERGEAFF,0
SYQTQTNSPRRARSVA,CASSQEGQGMQPQHF,1
VAAGLEAPFLYLYALVYFLQSINFVRIIMRLWLCWKCR,CASSRASRGEQYF,1
IMYNYPAM,CAVTNNYAQGLTF,1
GDCEEEEFEPSTQYEY,CASSLAGFGFF,1
LPRWYFYYL,CAVSGVGFKIIF,1
RLQSLQTYV,CASKGEGLGEQYF,0
ILSRLDKVEAEVQIDRLITGRLQSLQTYVTQQLIRAAEIRASA,CASSFEIGLAGHEQFF,1
DIYKGVYQFKSV,CASSDRNSGNTLYF,1
PTNGVGYQPYRVVVLSFELLHAPATVCGPKKSTNLVKNKCVNF,CASSQVREYNEQFF,1
RTQSPRRR,CASSEIPGAPDTQYF,1
DRFYKTLRAEQASQEV,CATSSGGTGRNYGYTF,1
KPRQKRTAT,CASSPGSLGHRASTDTQYF,0
EYLVSFGVW,CASGVYSSASKIIF,1
VGGNYNYLYRLFRKSNLKP,ASSGLVGAGSSYNSPLH,1
YTVKYPNL,CASSDRGQDTQYF,1
LPDDFTGCVIAWNSNNLDSKVGGNYNYLYRLFRKSNLKPFERD,CSASRHIVAYNEQFF,1
PPAYRPPNAPIL,SLVGSSYEQ,1
LLLEWLAMA,CASRPEAGNPVVTEFF,0
TVYGFCLL,CAASEDYNQGKLIF,1
KMVTVCPNT,CAFRVSHDMRF,1
PTDNYITTY,CASSLASNNYEQYF,0
NYMPYFFTL,CASTPGGTYNEQFF,0
FEDLRLLSF,CAVGARETYNTDKLIF,1
SYQTQTNSPRRARSVA,CASSLELAGGLETQYF,1
VGGNYNYLYRLFRKSNLKP,ASSVDSSSGNTIY,1
LPDDFTGCVIAWNSNNLDSKVGGNYNYLYRLFRKSNLKPFERD,CASSPGGMGQPQHF,1
FEDLRLLSF,CAVSPVNQAGTALIF,1
EELKKLLEQWNLVIGFLF,CASSPGLAVYEQFF,1
SKRSFIEDLLFNKVTLA,CAVRGSGGSNYKLTF,1
NQKLIANAF,CASSPSTGGLTDTQYF,1
FTSDYYQLY,CAAIGGSTLGRLYF,1
SSIEFARL,LCASSLWGADQAPLFGEG,1
TVYGFCLL,CAAPLSNTNKVVF,1
QELIRQGTDY,CASSQGETQYF,0
LLDQLIEEV,CASRVAGGAYNEQFF,1
ILSRLDKVEAEVQIDRLITGRLQSLQTYVTQQLIRAAEIRASA,CSAETSGRNYEQYF,1
NYMPYFFTL,CAGRTFDKIIF,1
SPSYVYHQF,CAFSTGGYKVVF,1
FEDLRVSSF,CAVLGRTSGSRLTF,1
ASSDAGGRNTLY,KAKYDAIFD,0
MPYFFTLLL,CASSFSRGLENYGYTF,0
GQMWLLAPR,CAVRPSDSWGKLQF,1
LRVMMLAPF,CAVPNQAGTALIF,1
LVSDGGPNLY,CAGCYPRAGSALQPQHF,0
AEVQIDRLI,CASSVGRYTGELFF,0
FEDLRVLSF,CALRTDSWGKLQF,1
VMHANYIFW,CASSLIGAGSTDTQYF,0
LPDDFTGCVIAWNSNNLDSKVGGNYNYLYRLFRKSNLKPFERD,CASSLGTAPYEQYF,1
RYPLTFGW,CAVGAPSTSGTYKYIF,1
LLFLVLIML,CATSRGPLASFLVDSYNEQFF,0
IAGRSALEDLLFSKVVT,CAVTKPSGTALIF,1
LMIERFVSL,CASSGDRAMNTEAFF,1
ASSDAGGRNTLY,KCSRNRQYL,0
ARSVASQSIIAYTMSLGAENSVAYSNNSIAIPTNFTISVTTEI,CASSTGAVQPQHF,1
WESGVKDCVVLHSYFTSDYYQLYSTQLSTDTGVEHVTF,CASSLWGAGENIQYF,1
DRFYKTLRAEQASQEV,CATEEETSGSRLTF,1
SSIEFARL,LCASSYWGSQNTLYFGAG,1
FVSNGTHWF,CASSLTGNTEAFF,1
NLLLQYGSFCTQLNRAL,CSARRGVEAFF,1
QPGQTFSVL,CASSSRPGPNNEQFF,0
PTDNYITTY,CVVRFDSWGKLQF,1
TVYGFCLL,CAVSINSAGNKLTF,1
WESGVKDCVVLHSYFTSDYYQLYSTQLSTDTGVEHVTF,CASSVGGGSTDTQYF,1
LVSDGGPNLY,CAISEGLAGGNNEQFF,0
EELKKLLEQWNLVIGFLF,CASSLLGTMNTGELFF,1
VYFLQSINF,CAVKGNQAGTALIF,1
LVSDGGPNLY,CAGLTSGTYKYIF,0
HSNLNDATY,CASSPPDGRPAEAFF,0
FLHVTYVPA,CASSPEGRRMGPTNEKLFF,0
FEDLRLLSF,CAMREGGNQFYF,1
YTVKYPNL,CASSRTGGAREQYF,1
HSNLNDATY,CAVRAVFSGGYNKLIF,0
TVYGFCLL,CAASATASLGKLQF,1
FVSNGTHWF,CASSLGPGRTSSYEQYF,1
VMVELVAEL,CASSQEASYEQYF,0
LKKRWQLALSKGVHFVCNLLLLFVTVYSHLLLVAAGLE,CASSLATGASLHDEQYF,1
WPVTLACFV,CATQHRDIVGEPQHF,0
SLQGRTLIL,CASSPEGLGYEQYF,1
MIAQYTSALLAGTITSGWTFGAGAALQIPFAMQMAYRFNGIGV,CASSTRLRDEQFF,1
TSTLQEQIGW,CLRATGANNLFF,1
LKKRWQLALSKGVHFVCNLLLLFVTVYSHLLLVAAGLE,CASSPRRTPPYEQYF,1
RQIAPGQTGKIADYNYKL,CATSDLESPRDEQFF,1
FEDLRVSSF,CAVYRDDKIIF,1
LLDQLIEEV,CASTSRANEQFF,1
RTMEVCYNT,CAFRVSHDMRF,1
LKKRWQLALSKGVHFVCNLLLLFVTVYSHLLLVAAGLE,CSAGGQTDTQYF,1
PTDNYITTY,CAVGDGNNRLAF,1
RQIAPGQTGKIADYNYKL,CASSMPRTPGYTF,1
DRFYKTLRAEQASQEV,CASSRLAGGFDEQFF,1
RIRGGDGKM,CASSLGRNNQPQHF,0
ALKCKGFHV,CASSEYPADEAFF,0
SYQTQTNSPRRARSVA,CASNEVQGPFEVVHVGNEQFF,1
LCWKCRSKNPLLYDANYFLCWHTNCYDYCIPYNSVTSS,CASSVAAPGELFF,1
LWFHISCLTF,CALIYSSASKIIF,1
PLIELCVDEAGSKSPIQYIDIGNYTVSCLPFTINCQE,CASSVVAGRGNEQFF,1
ILKGKFQTA,CASSPGDRGRYEQYF,0
HSNLNDATY,CATMDSNYQLIW,0
SSIEFARL,LCASSSWGSQNTLYFGAG,1
PLIELCVDEAGSKSPIQYIDIGNYTVSCLPFTINCQE,CASSLMGGETDTQYF,1
ALKCKGFHV,CVPVGSGGVLDTQYF,0
RPIIRPATL,CASSVGALWNTEAFF,0
ILSRLDKVEAEVQIDRLITGRLQSLQTYVTQQLIRAAEIRASA,CASSLDTGRANEQYF,1
RVAGDSGFAAY,CASSPRTGIDGYTF,0
YTVKYPNL,CASSPGLGAEQFF,1
LLLEWLAMA,CASSLWGRYTEAFF,0
LVLEVDPNI,CAIRQFDANTGELFF,1
SYQTQTNSPRRARSVA,CASSVEAGADDEQFF,1
AALYGNEKIT,FQIVNPHLL,0
LCWKCRSKNPLLYDANYFLCWHTNCYDYCIPYNSVTSS,CASSLQDSPYNEQFF,1
HSNLNDATY,CALSGIYDKIIF,0
LVSDGGPNLY,CAYSQMDSSYKLIF,0
SPSYVYHQF,CAVSKPSGSWQLIF,1
VMVELVAEL,CASSSERNPYEQYF,0
TSQWLTNIF,CASSQALASFGEQYF,0
LKKRWQLALSKGVHFVCNLLLLFVTVYSHLLLVAAGLE,CASSEGQDQYF,1
TRLALIAPK,CAATSPRRQGGSEKLVF,1
KINMPMSVK,CAAPSGFQKLVF,1
RLQSLQTYV,CSARVAGGPGEQYF,0
LPRWYFYYL,CASSFIEGSPNTEAFF,1
ASSDAGGRNTLY,DIYKGVYQFKSV,0
LLYDANYFL,CASSFGGSTEAFF,0
YTVKYPNL,CASSSNQDTQYF,1
SYQTQTNSPRRARSVA,CASNPDRSYEQYF,1
ILSPFLPLL,QDPST,1
SMWALVISV,CAWSEGLAGSRLPNNEQFF,0
RLQSLQTYV,CASSSPGQEAEQYF,0
YLYALVYFL,CASTRHDRNYGYTF,0
NLLLQYGSFCTQLNRAL,CATSDPGRGSNQPQHF,1
LLDQLIEEV,CAISESMGAYNEQFF,1
TSAMQTMLF,CASRGGTGLYGYTF,0
FLALCADSI,CASSVTVRGDEQFF,0
AALYGNEKIT,KAVYNFAT,0
SNVKNLYEKVRSQLKNNAK,ASSQDLGGEQY,1
EIQEFCPNT,CVVTEYSGGGADGLTF,1
LPDDFTGCVIAWNSNNLDSKVGGNYNYLYRLFRKSNLKPFERD,CASSPWASGVAGELFF,1
GQVMVVAPR,CATYNFNKGFYF,1
LVSDGGPNLY,CSVDLPGYTF,0
HSNLNDATY,CAISESMAGGAAIEQFF,0
QRRPQGLPNNTASWFTALTQHGKEDLKFPRGQGVPINT,CASSSQRVQRGKLFF,1
RTQSPRRR,CASSSAGGFEQFF,1
LRLATGLRNIPSIQS,CAVEETSGSRLTF,1
LKKRWQLALSKGVHFVCNLLLLFVTVYSHLLLVAAGLE,CSGHAGDGADTQYF,1
LPQGFSAL,CATSRETVGAKNIQYF,1
LLYDANYFL,CASSIGGTEAFF,0
ILKGKFQTA,CASSQVQVVDYGYTF,0
RTATKAYNV,CLVEKEEGGKLIF,0
LLYDANYFL,CAWILSGNTPLVF,1
WESGVKDCVVLHSYFTSDYYQLYSTQLSTDTGVEHVTF,CAIHALSSVTGGETQYF,1
SSIEFARL,LCASRWGSQNTLYFGAG,1
SNVKNLYEKVRSQLKNNAK,ASSYRGAETLY,1
LPRWYFYYL,CAVRALSGTYKYIF,1
IMYNYPAM,CAPLNTGNYKYVF,1
FEDLRLLSF,CAVRDSASGNTGKLIF,1
TTDSWGKFEF,CVNGSCFTV,1
EELKKLLEQWNLVIGFLF,CASSPGGATYNEQFF,1
KDFGGFNFSQILPDPSKPSKRSFIEDLLFNKVTLADAGFIKQY,CAITKPGTSGRSSYNEQFF,1
RYPLTFGW,CALGELDSTGGFKTIF,1
TTDSWGKFEF,HWFVTQRNFYEPQII,1
FVSNGTHWF,CAMSRGSEKLVF,1
HSNLNDATY,SNFGNEKLTF,0
SYQTQTNSPRRARSVA,CASSPPGEAGVDEQYF,1
FPTKDVAL,CASSLVAGYGSYNEQFF,1
PPAYRPPNAPIL,SDGSFNKL,1
RLQSLQTYV,CALGERDSWGKFQF,1
FTSDYYQLY,CASSLQGGNTEAFF,0
FVSNGTHWF,CASSLELAMEETQYF,1
LPDDFTGCV,CAETFVGDDKIIF,1
VMVELVAEL,CASSELENSNQPQHF,0
SVTTEILPVSMTKTSVDCTMYICGDSTECSNLLLQYGSFCTQL,CASSTLAGGRRDEQYF,1
LPDDFTGCVIAWNSNNLDSKVGGNYNYLYRLFRKSNLKPFERD,CASNPVGGMGQFF,1
SSIEFARL,LCASRNWGGSQNTLYFGAG,1
AEMEFCPCC,CVVALYSGGGADGLTF,1
LTHIDHIFMDILTTCVETM,ASIESLGGGGKAF,1
VLQLPQGTTLPKGFYA,CSVESLLNPQGIEENTIYF,1
LPDDFTGCVIAWNSNNLDSKVGGNYNYLYRLFRKSNLKPFERD,CASSYGAGGIHTEAFF,1
TVYGFCLL,CALSDRDMGYKLTF,1
LKKRWQLALSKGVHFVCNLLLLFVTVYSHLLLVAAGLE,CASSQLLGALDYEQYF,1
GKTELLAPF,CAVPNQAGTALIF,1
NQKLIANAF,CILRDEWARDDKIIF,1
HSNLNDATY,CAYRSPNYGGSQGNLIF,0
AAFKRSCLK,CAGARNDYKLSF,1
LLYDANYFL,CASSLTSGTEAFF,0
LLYDANYFL,ASSLAGSTEAF,1
DIYKGVYQFKSV,CASSLEGGSYEQYF,1
YLGGMSYYC,CASSLGRQFGTQYF,0
WLKNKLIPEVKEKHEFLSRL,ASSIGGTFGPYNEQF,1
LLYDANYFL,CASSLGSTEAFF,0
VLQLPQGTTLPKGFYA,CASSLEDTPPYEQYF,1
EELKKLLEQWNLVIGFLF,CSVDGSDTQYF,1
DLGDISGINASVVNIQKEIDRLNEVAKNLNESLIDLQELGKYE,CASREGSTPYTGELFF,1
KYTSFPWL,CASGVYSSASKIIF,1
RTATKAYNV,CASSPGVQYEQYF,0
LLDQLIEEV,CASSRVAGYNEQFF,1
LVSDGGPNLY,CASRVGASDQPQHF,0
ILSRLDKVEAEVQIDRLITGRLQSLQTYVTQQLIRAAEIRASA,CASSEATGFYGYTF,1
ALKCKGFHV,CASMHRGYNEQFF,0
ARSVASQSIIAYTMSLGAENSVAYSNNSIAIPTNFTISVTTEI,CASSSNLREQYF,1
RLITGRLQSL,CAVQAAREYNFNKFYF,1
FEDLRLLSF,CAGLRGAGSYQLTF,1
RLQSLQTYV,CASSPSGDIQYF,0
LWFHISCLTF,CASSPFSGGTYNEQFF,1
RVAGDSGFAAY,CASSQAGAKTQYF,0
PLIELCVDEAGSKSPIQYIDIGNYTVSCLPFTINCQE,CASSAWTATEAFF,1
LLDQLIEEV,CASSRHKQYRGTEAFF,1
HSNLNDATY,CASSVDPGNTEAFF,0
ILKGKFQTA,CASSSSSGAKNIQYF,0
MEVTPSGTWL,CASSFSNEKLFF,0
LLYDANYFL,ASSLGSGGTEAF,1
PPAYRPPNAPIL,SNNAGAKL,1
ELRSRYWAI,CAMRGQTGANNLFF,0
NLLLQYGSFCTQLNRAL,FSARRGTEAFF,1
IAGRSALEDLLFSKVVT,CAVRGSGGSNYKLTF,1
SKRSFIEDLLFNKVTLA,CAVTKPSGTALIF,1
FPTKDVAL,CAWSVASGANNEQFF,1
KSPWFTTL,CAALSSNTNKVVF,1
FEDLRLLSF,CAAISPGAGSYQLTF,1
LPDDFTGCVIAWNSNNLDSKVGGNYNYLYRLFRKSNLKPFERD,CASSPNTGPTTETQYF,1
FEDLRVLSF,CALSEAGSNYQLIW,1
FEDLRLLSF,CAFMKHRLNSGAGSYQLTF,1
NLLLQYGSFCTQLNRAL,CSARQGAAMNNEAFF,1
FTSDYYQLY,CASSLAGDHYEQYF,0
VSDGGPNLY,CAPSRHAGNNRKLIW,1
MEVTPSGTWL,CASSQRADTEAFF,0
RTATKAYNV,CAPRGSCVDSNYQLIW,0
RTQSPRRR,CASSDSKTQYF,1
TLMNVLTLV,CSARAGTSGNDPPNEQFF,0
FEDLRVSSF,CATVPLLTSGGGADGLTF,1
AIDSTGGYK,FNFAITNLG,0
LPQGFSAL,CSVVVGTFTTNEKLFF,1
YMPYFFTLL,CASQRSPNEQFF,0
PPAYRPPNAPIL,SLGGWEQ,1
ASSDAGGRNTLY,NSIRNLDTI,0
VYIGDPAQL,CVFKRSRKVIF,1
SYQTQTNSPRRARSVA,CASSLDGTETQYF,1
LLYDANYFL,ASSEAGSGGWQF,1
LKKRWQLALSKGVHFVCNLLLLFVTVYSHLLLVAAGLE,CASSFAGDGYNEQFF,1
VLQLPQGTTLPKGFYA,CASSLSWGTEAFF,1
HSNLNDATY,CASSELGMDEQFF,0
LPQGFSAL,CASSGTRFHEQFF,1
HSNLNDATY,CASSMDSYNEQFF,0
ARSVASQSIIAYTMSLGAENSVAYSNNSIAIPTNFTISVTTEI,CASSFSPAANQPQHF,1
RLQSLQTYV,CAISVGREGSGANVLTF,0
LPDDFTGCVIAWNSNNLDSKVGGNYNYLYRLFRKSNLKPFERD,CASSLKRERHEQFF,1
ILSPFLPLL,QDPTN,1
DIYKGVYQFKSV,AALYGNEKIT,1
LCWKCRSKNPLLYDANYFLCWHTNCYDYCIPYNSVTSS,CASSPSGSWTGELFF,1
HSNLNDATY,CAVAGGTSYGKLTF,0
ARSVASQSIIAYTMSLGAENSVAYSNNSIAIPTNFTISVTTEI,CASSDTSGNSPLHF,1
RPIIRPATL,CAFRSYNTNKLIF,0
SMWALVISV,CASSLDLAGITSYNEQFF,0
RTQSPRRR,CASSFPWGALTDTQYF,1
MPYFFTLLL,CASSPQGASNQPQHF,0
KVKEVCPNV,CAYNQGGKLIF,1
ILKGKFQTA,CASSQPGREETQYF,0
NLLLQYGSFCTQLNRAL,CASSQEKTGPFYGYTF,1
ILSPFLPLL,QDPAS,1
RTQSPRRR,CSASQFPGLTYEQYF,1
FEDLRVSSF,CAATLGSGYSTLTF,1
ILSRLDKVEAEVQIDRLITGRLQSLQTYVTQQLIRAAEIRASA,CAWSLTSGRASEQYF,1
NYMPYFFTL,CASKKTPVGTEAFF,0
EELKKLLEQWNLVIGFLF,CAREGVRTDTQYF,1
LKKRWQLALSKGVHFVCNLLLLFVTVYSHLLLVAAGLE,CATSDPGGTGELFF,1
PTDNYITTY,CASSSGSNYEQYF,0
PTDNYITTY,CVARTDSWGKLQF,1
YTVKYPNL,CASSDNTNTEVFF,1
ILSRLDKVEAEVQIDRLITGRLQSLQTYVTQQLIRAAEIRASA,CASQGTYEQYF,1
YTVKYPNL,CASSPGQYNSPLYF,1
RTATKAYNV,CASSESGRATDTQYF,0
VAAGLEAPFLYLYALVYFLQSINFVRIIMRLWLCWKCR,CASSLSGRDYNEQFF,1
FTSDYYQLY,CSVRGPYGAYEQYF,0
YVDNSSLTI,CASSWTSPYTTDTQYF,0
NLLLQYGSFCTQLNRAL,CSAQILAGVGHEQFF,1
RTATKAYNV,CVVEMDSSYKLIF,0
EELKKLLEQWNLVIGFLF,CSVLWPKGSEAFF,1
VFLVLLPLV,CAAPMTTDSWGKLQF,1
MEVTPSGTWL,CASSLVEDTQYF,0
SYQTQTNSPRRARSVA,CASSLFAGDEQFF,1
EELKKLLEQWNLVIGFLF,CSAALTGQPYEQYF,1
ELRSRYWAI,CSARSTTYMNTEAFF,0
EIQEFCPNT,CVLNNNDMRF,1
ARSVASQSIIAYTMSLGAENSVAYSNNSIAIPTNFTISVTTEI,CASSWNQGQPQHF,1
VGATYYFNKNMSTYVDYKIN,CASSPILSDEQFF,1
LWFHISCLTF,CAFMKQRYASNQFYF,1
RTATKAYNV,CATDEDTNAGKSTF,0
EELKKLLEQWNLVIGFLF,CASTFFGGPNTEAFF,1
FEDLRVSSF,CATPPKTSYDKVIF,1
ARSVASQSIIAYTMSLGAENSVAYSNNSIAIPTNFTISVTTEI,CASSQFPDRVDSYEQYF,1
SSIEFARL,LCASSYWGGYAEQFFGPG,1
LVSDGGPNLY,CASSIDQGFRQPQHF,0
PLTFGWCYKL,CAMRGGPGNTDKLIF,0
NLLLQYGSFCTQLNRAL,CASNDRHNEQFF,1
SGPDNGAVAV,CVLSAPNTGGLSGKLTF,1
KVCEFQFCNDPFLGVYYHKNNKSWMESEFRVYSSANNCTFEYV,CASSLLTGGREQFF,1
RGYVYQGL,ASSPGTGVEQY,1
TVYGFCLL,CAASMDSNYQLIW,1
RQIAPGQTGKIADYNYKL,CASSPGSNYGYTF,1
FTSDYYQLY,CASSWGGSSTDTQYF,0
RPIIRPATL,CASTLGGQGRHEQFF,0
FLALCADSI,CASSSLSEAFF,0
QRRPQGLPNNTASWFTALTQHGKEDLKFPRGQGVPINT,CASSLSTTGELFF,1
ASNENMDAM,SSSRTGGHAEQ,1
LKKRWQLALSKGVHFVCNLLLLFVTVYSHLLLVAAGLE,CASSQTLANHEQYF,1
LLLEWLAMA,CASSDRAGVVTDTQYF,0
EIQEFCPNT,CAIRQFDANTGELFF,1
WESGVKDCVVLHSYFTSDYYQLYSTQLSTDTGVEHVTF,CASSTSGGSETQYF,1
WESGVKDCVVLHSYFTSDYYQLYSTQLSTDTGVEHVTF,CASSYAGLQGAYNEQFF,1
PLTFGWCYKL,CASSPGFYSEAFF,0
SYQTQTNSPRRARSVA,CASSVVAGLDTEAFF,1
LLDQLIEEV,CASRLAGGSYNEQFF,1
SLLMPILTL,CALGSYYNQGGKLIF,1
RVAGDSGFAAY,CASSSLARGALNYGYTF,0
SYQTQTNSPRRARSVA,CASSQGMADTQYF,1
RTMEVCYNT,CVVPLYSSASKIIF,1
AIMEKNIVL,CATASFYGNNRLAF,1
FTSDYYQLY,CASSLVGYEQYF,0
LLYDANYFL,ASSAGTGGTEAF,1
FEDLRLLSF,CAVNIRGPFMEYGNKLVF,1
YTVKYPNL,CASSLEGQNTEVFF,1
RQIAPGQTGKIADYNYKL,CASSLTGPVGYTF,1
VYIGDPAQL,CASSLIRDITYEQYF,0
TSTLQEQIGW,CLVGGEDYKLSF,1
ILSRLDKVEAEVQIDRLITGRLQSLQTYVTQQLIRAAEIRASA,CAWSVSGGRAAEQYF,1
EELKKLLEQWNLVIGFLF,CASGSGLLSYEQYF,1
RVAGDSGFAAY,CASSLLDRGFQPQHF,0
KYTSFPWL,CATVAYYGNNRLAF,1
NQKLIANAF,CIVRANAGGTSYGKLTF,1
ASPGLAGEYEQY,LPEALPQGQLTAY,0
VYIGDPAQL,CSVGGGPTYNEQFF,0
LKKRWQLALSKGVHFVCNLLLLFVTVYSHLLLVAAGLE,CSATREHNEQFF,1
KVKEVCPNV,CAIRQFDANTGELFF,1
RTQSPRRR,CATSTGNYEQYF,1
FEDLRVSSF,CAVRVPGYQKVTF,1
FEDLRVSSF,CAYRSATRSSLISEKLVF,1
FLALCADSI,CASRTSSTGELFF,0
VGATYYFNKNMSTYVDYKIN,CVALSSNTGKLIF,1
YTMADLVYA,CASSRILAGHDNEQFF,0
LPDDFTGCVIAWNSNNLDSKVGGNYNYLYRLFRKSNLKPFERD,CASSLVVDTISSYEQYF,1
TVYGFCLL,CALWELAGYAQGLTF,1
EELKKLLEQWNLVIGFLF,CASSSSLAPEQFF,1
YLGGMSYYC,CASSYSLLNTEAFF,0
RYPLTFGW,CALGETSTSGTYKYIF,1
SSIEFARL,LCASSYWGRNTEVFFGKG,1
RTQSPRRR,CASSGNKQGDYGYTF,1
ILSRLDKVEAEVQIDRLITGRLQSLQTYVTQQLIRAAEIRASA,CASSRGTSGTDTQYF,1
TAFTIPSI,CAVTHHGQKLLF,1
EELKKLLEQWNLVIGFLF,CASSVVSGHYNEQFF,1
RQIAPGQTGKIADYNYKL,CASRPPDSSYEQYF,1
FEDLRVLSF,CALSNAKTSYDKVIF,1
TVYGFCLL,CALGPNYRNEKITF,1
VSDGGPNLY,CAASSSSGTYKYIF,1
SLLMPILTL,CASSWGLAEFYNEQFF,0
TRLALIAPK,CAVSSPQGGSEKLVF,1
WPVTLACFV,CASSPRGSAEAFF,0
SNVKNLYEKVRSQLKNNAK,TCSASSGNTLY,1
LVSDGGPNLY,CSAREGWNELEETQYF,0
VGGNYNYLYRLFRKSNLKP,AISDPGGRSNEQF,1
IMYNYPAM,CNYGSSGNKLIF,1
TPSVSSSISSL,CAVIPSGGYQKVTF,1
FEDLRLLSF,CAVSYTGGFKTIF,1
ARSVASQSIIAYTMSLGAENSVAYSNNSIAIPTNFTISVTTEI,CASSPPASANYGYTF,1
KSVNITFEL,CASSDSSGAYEQYF,0
MEVTPSGTWL,CSARSHYSYEQYF,0
KINMPMSVK,CASSIFGLGTHYSYNEQFF,1
RIRGGDGKM,CASSLKLAGGKDEQFF,0
LIDFYLCFL,CASSLAGVIETQYF,0
ARSVASQSIIAYTMSLGAENSVAYSNNSIAIPTNFTISVTTEI,CASSSGDRGGDGYTF,1
IMYNYPAM,CAVSQGGRALIF,1
KINMPMSVK,CVVSPRDQKVTF,1
AIMEKNIVL,CVGWGNAGNMLTF,1
TDLGQNLLY,CASSYGARLPDNQPQHF,1
EELKKLLEQWNLVIGFLF,CAIEPGIIGKNIQYF,1
ILSPFLPLL,AHPSK,1
HSNLNDATY,CVVN,0
VGATYYFNKNMSTYVDYKIN,CALSERMDKLIF,1
SLQGRTLIL,CASSDIANQDTQYF,1
KSVNITFEL,CASSLASGGPWDTQYF,0
WLLWPVTLA,CASSLTPGTGRTEAFF,0
YTVKYPNL,CASGDHRGRDTQYF,1
ILSRLDKVEAEVQIDRLITGRLQSLQTYVTQQLIRAAEIRASA,CAWSVSGGRATEQFF,1
NFGDQELIRQGTDYKHWPQ,ASSEARRNSPLH,1
YTVKYPNL,CASSSGTGDTQYF,1
LLDQLIEEV,CSAKDSSSWARYGYTF,1
NQKLIANAF,CASSYSNLGSTDTQYF,1
RLQSLQTYV,CVVNDYKLSF,0
VLQLPQGTTLPKGFYA,CASSLMRVAYNEQFF,1
PTDNYITTY,CASSFRTDSYEQYF,0
SNVKNLYEKVRSQLKNNAK,ASGDRGPGNTLY,1
RPIIRPATL,CVVSENDMRF,0
WLLWPVTLA,CATSIDSGGATDTQYF,0
SNVKNLYEKVRSQLKNNAK,ASSQQISNERLF,1
EELKKLLEQWNLVIGFLF,CASSGGGGIKFYEQYF,1
LMIERFVSL,CASSLTGLTNTGELFF,1
SLLMPILTL,CAISPGGGSYEQYF,0
LLYDANYFL,ASSYTGSDGYT,1
NLLLQYGSFCTQLNRAL,CATSDSRRGDNQPQHF,1
FEDLRVLSF,CAGRNMNSGYALNF,1
NQKLIANAF,SGASERGAQKLVV,1
PPAYRPPNAPIL,SLDRGEQ,1
RTATKAYNV,CAPTNGNKLVF,0
NQKLIANAF,CSVGEVGGLPAFF,1
MEVTPSGTWL,CASRRTSGANTGELFF,0
PTDNYITTY,CSAYYRTDYYGYTF,0
TPSVSSSISSL,CAEILTGGGNKLTF,1
SPSYVYHQF,CAVSMPSGSWQLIF,1
KVCEFQFCNDPFLGVYYHKNNKSWMESEFRVYSSANNCTFEYV,CSVYSAGELFF,1
YTVKYPNL,CASSELGGYAEQFF,1
NLLLQYGSFCTQLNRAL,CATSTSARGDNQPQHF,1
TLMNVLTLV,CASSHEHGQGGEQYF,0
RVAGDSGFAAY,CASSLYLGTTIRGEQFF,0
VFLVLLPLV,CASSSAARTGNEQFF,0
KVCEFQFCNDPFLGVYYHKNNKSWMESEFRVYSSANNCTFEYV,CASSFLGTLRETNTGELFF,1
RYPLTFGW,CAVRDF,1
LLDQLIEEV,CAISESLGQETQYF,1
NQKLIANAF,CGSIDYRDDKLIF,1
KINMPMSVK,CASSSRAGTGNTIYF,1
EELKKLLEQWNLVIGFLF,CASNSGLNTGELFF,1
YTVKYPNL,CASSQERANYAEQFF,1
AIMEKNIVL,CAERNAGNMLTF,1
DRFYKTLRAEQASQEV,CAVIPIQGAQKLVF,1
IMLCCMTSC,CASSQEEPGTTYGYTF,0
IMYNYPAM,CASSLVWAAEQFF,1
GCQEICPAC,CVVATYSGGGADGLTF,1
KVKEVCPNV,CVVATYSGGGADGLTF,1
SLQGRTLIL,CASSYYGDTYEQYF,1
ILSPFLPLL,QDPTK,1
KDFGGFNFSQILPDPSKPSKRSFIEDLLFNKVTLADAGFIKQY,CAITGSLAGSNEQFF,1
IMLCCMTSC,CASSLTSGDADTQYF,0
SNVKNLYEKVRSQLKNNAK,ASSYSGNTLY,1
NMLSTVLGV,CAVKSDRYAGNNRKLIW,1
WPWYIWLGF,CASTRAIADNNEQFF,0
LKKRWQLALSKGVHFVCNLLLLFVTVYSHLLLVAAGLE,CASSQAGSRQETQYF,1
ATVQGQNLK,CAMRLPFNNAGNMLTF,1
LLYDANYFL,AISGSVRGRTDTQY,1
YTVKYPNL,CASSDGGAGNTLYF,1
RPIIRPATL,CAFARGADGLTF,0
ELRSRYWAI,CAVREYGNKLVF,0
SYQTQTNSPRRARSVA,CASSQEGVGDEQFF,1
EELKKLLEQWNLVIGFLF,CASSAGLSGANVLTF,1
RVAGDSGFAAY,CASSFPGYPSGANVLTF,0
SIIAYTMSL,CAISESLAGVGSADTQYF,0
FEDLRVLSF,CALTDSWGKFQF,1
NLLLQYGSFCTQLNRAL,CASSQERHAGYEQYF,1
LLDQLIEEV,CASAKRLKQEKLFF,1
NQKLIANAF,CASGPIDQPQHF,1
NSSTCMMCY,CASRDGTNYGYTF,0
LACFVLAAV,CASSSTGASETQYF,0
ARSVASQSIIAYTMSLGAENSVAYSNNSIAIPTNFTISVTTEI,CASSLGRNSPLHF,1
TSTLQEQIGW,CLVGNYGGSQGNLIF,1
AIFYLITPV,CASRGLGRADTQYF,0
FTSDYYQLY,CSVEAGYGYTF,0
AALYGNEKIT,KVANFANTM,0
PTDNYITTY,CASNPGGGTETQYF,0
LLYDANYFL,CASAFGQTSYGYTF,0
WESGVKDCVVLHSYFTSDYYQLYSTQLSTDTGVEHVTF,CASSWGGRLTDTQYF,1
LKKRWQLALSKGVHFVCNLLLLFVTVYSHLLLVAAGLE,CSAQREASYNEQFF,1
SYQTQTNSPRRARSVA,CASSLAQGYEQYF,1
WESGVKDCVVLHSYFTSDYYQLYSTQLSTDTGVEHVTF,CASSDPTGGGAFF,1
SSIEFARL,LCASRDWGAQNTLYFGAG,1
ILSRLDKVEAEVQIDRLITGRLQSLQTYVTQQLIRAAEIRASA,CASSLGGDYNSPLHF,1
FLALCADSI,CASSLAGGSYEQYF,0
RTMEVCYNT,CVVALYSGGGADGLTF,1
FTVLCLTPV,CASSLWGAGVEETQYF,0
LPDDFTGCV,CASSLTLNTEAFF,0
NLLLQYGSFCTQLNRAL,CASSVTGTGDYSPLHF,1
LLYDANYFL,ASSGRGHEVYNEQF,1
RTATKAYNV,CATSDFTSPLSYNEQFF,0
RLQSLQTYV,CASSPRTQAKNIQYF,0
KINMPMSVK,CAAYSSASKIIF,1
KINMPMSVK,CASSTGTGYYEQYF,1
YVWKSYVHV,CASSPPLRGEAEAFF,0
PLTFGWCYKL,CASRGVPGELFF,0
SGPDNGAVAVL,CALSEDGSSGNKLIF,1
ALKCKGFHV,CSPRDLNSYEQYF,0
RLQSLQTYV,ASTTSGSNYNEQF,1
MPYFFTLLL,CASSLGQGNVMNTEAFF,0
YTVKYPNL,CASSLDKSQNTLYF,1
LLDQLIEEV,CAISESRDLAFF,1
LLYDANYFL,CSKTSYDKVIF,1
ILSRLDKVEAEVQIDRLITGRLQSLQTYVTQQLIRAAEIRASA,CASSYSDLNPQYF,1
TTIQTIVEV,CASSVGSGGAGYGYTF,0
FTSDYYQLY,CSVEGVLADYNEQFF,0
ARSVASQSIIAYTMSLGAENSVAYSNNSIAIPTNFTISVTTEI,CASSPGRPPEQFF,1
KMVTVCPNT,CAIRQFDANTGELFF,1
RGYVYQGL,ALSEGGNYKYV,1
TVYGFCLL,CAAPSSSFSKLVF,1
HSNLNDATY,CASNLATEAFF,0
KQIYKTPPI,CLVPSEQAGTALIF,1
ASSDAGGRNTLY,KALYDYAPI,0
LLYDANYFL,CASSLNGGTEAFF,0
TAFTIPSI,CAVSRGGSNYKLTF,1
SNVKNLYEKVRSQLKNNAK,AWSLGGSGNTLY,1
FEDLRVLSF,CAVKGVNFGNEKLTF,1
SLQGRTLIL,CASSPTGGDNERLFF,1
AIMEKNIVL,CSASIQAGPVDEQFF,1
ILSRLDKVEAEVQIDRLITGRLQSLQTYVTQQLIRAAEIRASA,CAWSGGASGRADEQFF,1
PPAYRPPNAPIL,SLGGDEQ,1
PLIELCVDEAGSKSPIQYIDIGNYTVSCLPFTINCQE,CASSLDLGPGYTF,1
VGGNYNYLYRLFRKSNLKP,AWRRMNTEAF,1
LKKRWQLALSKGVHFVCNLLLLFVTVYSHLLLVAAGLE,CASSLPPGGHAGELFF,1
RYPLTFGW,CAGRGLNDYKLSF,1
LWFHISCLTF,CASSGYSSASKIIF,1
LPDDFTGCV,CASSQDPTTGELFF,0
FEDLRLLSF,CAVLLPRDNYGQNFVF,1
LVSDGGPNLY,CAYRSPDSYNNNDMRF,0
RLQSLQTYV,CASSSGQGNNSPLHF,0
NLLLQYGSFCTQLNRAL,CSATDRVSNQPQHF,1
FTVLCLTPV,CSARTGGDGYTF,0
SLQGRTLIL,CASSSGLGGHEQYF,1
TAFTIPSI,CATDEDSARQLTF,1
GFIKQYGDCLGDIAARDLICAQKFNGLTVLPPLLTDEMIAQYT,CASSQDGRERQPQHF,1
HSNLNDATY,CAVRDPETKTSYDKVIF,0
NDMLVCANI,CAIRQFDANTGELFF,1
PLIELCVDEAGSKSPIQYIDIGNYTVSCLPFTINCQE,CASSLGNGGYTF,1
KINMPMSVK,CAVTGTASKLTF,1
ILSRLDKVEAEVQIDRLITGRLQSLQTYVTQQLIRAAEIRASA,CAWSGTGGRANEQYF,1
SGPDNGAVAVL,CAVSHNYAQGLTF,1
GDCEEEEFEPSTQYEY,CSVGLADYNEQFF,1
LKKRWQLALSKGVHFVCNLLLLFVTVYSHLLLVAAGLE,CASSVQGAVDYENIQYF,1
RLQSLQTYV,AWSLGNSIELNYGYT,1
SVTTEILPVSMTKTSVDCTMYICGDSTECSNLLLQYGSFCTQL,CASSQEGKYGYTF,1
SPSYVYHQF,CILVGGSAKLIF,1
FEDLRLLSF,CATDFALSSGGGADGLTF,1
LLDQLIEEV,CASSPATGRRNGYTF,1
KVYPIILRL,CASSPRGSYWDEQYF,0
MEVTPSGTWL,ASSYPTTTGELF,1
KINMPMSVK,CAVTTGNQFYF,1
LKKRWQLALSKGVHFVCNLLLLFVTVYSHLLLVAAGLE,CASSFEFLNTGELFF,1
LWLLWPVTL,CASSRPSGQGNNGYTF,0
KLQFTSLEI,CASSPTSNEQFF,0
KINMPMSVK,CASSILAGGPNEQFF,1
VYFLQSINF,CASSPTSGSYEQYF,0
SYQTQTNSPRRARSVA,CASSVELQETQYF,1
LLYDANYFL,ASSFGTGGTEAF,1
WESGVKDCVVLHSYFTSDYYQLYSTQLSTDTGVEHVTF,CSVEDRRGKNF,1
FTSDYYQLY,CAVGVSMDSGGGADGLTF,0
KSPWFTTL,AASSPYGSSGNKLI,1
ALKCKGFHV,CALYYTSGTYKYIF,0
RGYVYQGL,ASSFRDSGNTLY,1
KSPWFTTL,ALPMDSNYQLI,1
LVSDGGPNLY,CASSYGWGGSYNEQFF,0
VYFLQSINF,CASFEGGNSPLHF,0
NQKLIANAF,CALGDDKIIF,1
NVFAFPFTI,CASLQDYEQYF,0
LACFVLAAV,CAGQKPLAGNTGKLIF,1
DTDFVNEFY,CASSLGGGAYEQYF,0
LKKRWQLALSKGVHFVCNLLLLFVTVYSHLLLVAAGLE,CSASTETQSTYNEQFF,1
LACFVLAAV,TTDSWGKFEF,0
VMVELVAEL,CASSSSTSGRVDEQFF,0
GQVMVVAPR,CAATSPRRQGGSEKLVF,1
FVSNGTHWF,CATSGDTEGRVEDF,1
EELKKLLEQWNLVIGFLF,CASSLAGRSYEQYF,1
LKKRWQLALSKGVHFVCNLLLLFVTVYSHLLLVAAGLE,CSASLNFESTDTQYF,1
TVYGFCLL,CALSENYNQGKLIF,1
GLDNHTILL,CSVDKEGNEQFF,1
NLLLQYGSFCTQLNRAL,CATSEPAGGNYNEQFF,1
EELKKLLEQWNLVIGFLF,CASSHPGTDSGNTIYF,1
YTVKYPNL,CASSENTEVFF,1
ALKCKGFHV,CASSLSPGTAHNTGELFF,0
LPRWYFYYL,CALSSTLGTYKYIF,1
RTQSPRRR,CASSLLIGGAQETQYF,1
DRFYKTLRAEQASQEV,CATSGETSGSRLTF,1
NQKLIANAF,CAVEGFSGGYNKLIF,1
LLYDANYFL,ASSIPDRVHSGANVLT,1
SNVKNLYEKVRSQLKNNAK,ASGETGYEQY,1
ALKCKGFHV,CAVYSNDYKLSF,0
IMLCCMTSC,CASRKAPGQGGEQPQHF,0
HSNLNDATY,CASSPRGDRENSPLHF,0
NDMLVCANI,CAYNQGGKLIF,1
PTDNYITTY,CASSFRSDAYEQYF,0
RPIIRPATL,CAFRDDKIIF,0
TLMNVLTLV,CSARAWGGIAGLTDTQYF,0
TVYGFCLL,CAVGNSGTYQRF,1
ARSVASQSIIAYTMSLGAENSVAYSNNSIAIPTNFTISVTTEI,CAISESIQGKQFF,1
FEDLRVLSF,CALSAHRFENAGNMLTF,1
SGPDNGAVAV,CALANNTNTGKLTF,1
KMVTVCPNT,CAYNQGGKLIF,1
RQIAPGQTGKIADYNYKL,CAWSGGQGADTQYF,1
HSNLNDATY,CVGYMNTGFQKLVF,0
LKKRWQLALSKGVHFVCNLLLLFVTVYSHLLLVAAGLE,CASSMGGYEQYF,1
RQIAPGQTGKIADYNYKL,CASSEPGTDGYTF,1
TTDSWGKFEF,SPRWYFYYL,1
SLQGRTLIL,CASSLQGNSDYTF,1
IPTITQMNL,CASRLTSGPHNEQFF,0
NLLLQYGSFCTQLNRAL,CATSDIRTGDNQPQHF,1
FVSNGTHWF,CASSLSLAGSTDTQYF,1
LLYDANYFL,CASSLGQTEAFF,0
FEDLRVLSF,CAAPANTGNQFYF,1
FVSNGTHWF,CVVTGDSWGKLQF,1
LPRWYFYYL,CAVQASGTASKLTF,1
QPGQTFSVL,CASSSKGGGQQTQYF,0
RLITGRLQSL,CAAQSNMEYGNKLVF,1
PPAYRPPNAPIL,SETNTGKL,1
ASRPGLAGGRPEQY,LLFGKPVYV,0
FTSDYYQLY,CASSYHPEGGVSNQPQHF,0
RQIAPGQTGKIADYNYKL,CASGFGYEQFF,1
LLYDANYFL,CAGYNTNAGKSTF,1
NQKLIANAF,CAVHTSGTYKYIF,1
NLLLQYGSFCTQLNRAL,CATSAVSGGKYNEQFF,1
SYQTQTNSPRRARSVA,CASSEIHDSYEQYF,1
FEDLRLLSF,CAVGTRLDGAGSYQLTF,1
AEMEFCPCC,CVVTEYSGGGADGLTF,1
KVYPIILRL,CASSPGRTANYGYTF,0
QELIRQGTDY,CASSRENYGYTF,0
MEVTPSGTWL,CASSLGVNTEAFF,0
PTDNYITTY,CASSLNSNSYEQYF,0
PTNGVGYQPYRVVVLSFELLHAPATVCGPKKSTNLVKNKCVNF,CASSGHLAKNIQYF,1
SSIEFARL,LCASRDWGGAGQYFGPG,1
LLDQLIEEV,CSARPPSSYNEQFF,1
RYPLTFGW,CALGDLSGGNSGGYQKVTF,1
GFIKQYGDCLGDIAARDLICAQKFNGLTVLPPLLTDEMIAQYT,CASSQDRTSGGWSSYNEQFF,1
LPRWYFYYL,CAVRDMASNTGKLIF,1
FEDLRVLSF,CIVRVGTSGSARQLTF,1
SGPDNGAVAV,CAVRMAQVVGQLTF,1
ARSVASQSIIAYTMSLGAENSVAYSNNSIAIPTNFTISVTTEI,CASSASTEAFF,1
ILGFVFTLT,CASSLNPSGTVETQYF,0
PLIELCVDEAGSKSPIQYIDIGNYTVSCLPFTINCQE,CASTSTGNTGELFF,1
DRFYKTLRAEQASQEV,CASSPTGTGTYEQYF,1
EELKKLLEQWNLVIGFLF,CASSLGGMEHEQYF,1
VYFLQSINF,CASSYLAERDNEQFF,0
PTNGVGYQPYRVVVLSFELLHAPATVCGPKKSTNLVKNKCVNF,CASSLADRGGDEQFF,1
HSNLNDATY,CALSSNDYKLSF,0
KMVTVCPNT,CVVATYSGGGADGLTF,1
ILSPFLPLL,QDPSR,1
DIYKGVYQFKSV,AANQGGRALI,1
GDCEEEEFEPSTQYEY,CASSAPDRRMNTEAFF,1
SSIEFARL,LCASSNWGTSAETLYFGSG,1
NQKLIANAF,CAVLTSGTYKYIF,1
RTATKAYNV,CASSPLDYYNEQFF,0
HSNLNDATY,CATSDLTGGHNEQFF,0
EELKKLLEQWNLVIGFLF,CASSFGLAASSYNEQFF,1
FLPGVYSVI,CASSQDLGQGASPLHF,0
TLLALHRSYLTPGDSSSGWTAGAAAYYVGYLQPRTFLLKYNEN,CASSPGTVLIEADNEQFF,1
WNRKRISNCVADYSVLYNS,SATRQVNQPQH,1
AIFYLITPV,CASGGRGGYTF,0
RYPLTFGW,CATSDLGGLTGELFF,1
ILSRLDKVEAEVQIDRLITGRLQSLQTYVTQQLIRAAEIRASA,CAWSLDGRLAKNIQYF,1
RLQSLQTYV,CASSSNRDRPYEQYF,0
LKKRWQLALSKGVHFVCNLLLLFVTVYSHLLLVAAGLE,CASSYFLAPWGNEQFF,1
VLQLPQGTTLPKGFYA,CASSIVASGDEQFF,1
DIYKGVYQFKSV,CASSDAGGAETLYF,1
YLGGMSYYC,CSAIEEGTEVFGYTF,0
VAAGLEAPFLYLYALVYFLQSINFVRIIMRLWLCWKCR,CASSLLYNEQFF,1
ARSVASQSIIAYTMSLGAENSVAYSNNSIAIPTNFTISVTTEI,CATRQAGRIYEQYF,1
LVSDGGPNLY,CSARDSTLPDNSPLHF,0
FEDLRVLSF,CAVRSSEWGATNKLIF,1
VENPHLMGWD,CILRDDNYGQNFVF,1
SYQTQTNSPRRARSVA,CASSDEGTASRYEQYF,1
LLFLVLIML,CASSRGTATNEKLFF,0
IPTITQMNL,CAVNSWGKLQF,1
KINMPMSVK,CSARDRVGNGYTF,1
RQIAPGQTGKIADYNYKL,CATSEPLAGDSDTQYF,1
PTDNYITTY,CASSFKTDAYEQYF,0
LKKRWQLALSKGVHFVCNLLLLFVTVYSHLLLVAAGLE,CASSLGQGLDEQYF,1
VGATYYFNKNMSTYVDYKIN,CALSQAGTALIF,1
MEVTPSGTWL,ASSYEGERYTEAF,1
RTMEVCYNT,CAYNQGGKLIF,1
LPDDFTGCVIAWNSNNLDSKVGGNYNYLYRLFRKSNLKPFERD,CASSLALGGPGYTF,1
RVAGDSGFAAY,CASRSSPTQGTLTEAFF,0
VFLVLLPLV,CASSQVRGRGEQYF,0
MEVTPSGTWL,CASSQDQGVTGNTIYF,0
NQKLIANAF,CVVENTGFQNIVF,1
SYQTQTNSPRRARSVA,CASGLAGVGDTQYF,1
NDMLVCANI,CVGNNNDMRF,1
GKTELLAPF,CAATSPRRQGGSEKLVF,1
FEDLRVLSF,CATDFALSSGGGADGLTF,1
KINMPMSVK,CASSILGGDTQYF,1
SGPDNGAVAV,CALIPDTNAYKVIF,1
KLKDCVMYA,CAAEPSGGTEAFF,0
SYQTQTNSPRRARSVA,CARRTLAGGGETQYF,1
VSDGGPNLY,CASSPWGYNEQFF,1
SYQTQTNSPRRARSVA,CASNVNQETQYF,1
ALASCMGLIY,CSAREIVREGEKLFF,0
FEDLRVLSF,CAVTIGWGKLQF,1
EELKKLLEQWNLVIGFLF,CAAATGLALNEQFF,1
FTSDYYQLY,CASSPWTGQGYGYTF,0
LVLEVDPNI,CVVATYSGGGADGLTF,1
SLQGRTLIL,CASSPGTGDYAEQFF,1
PTDNYITTY,CASSFKTDSYEQYF,0
FSTQFAFACPDGVKHVYQLRARSVSPKLFIRQEEV,CASSSDTNDEQFF,1
LLLEWLAMA,CASSLGTGHGYTF,0
GFIKQYGDCLGDIAARDLICAQKFNGLTVLPPLLTDEMIAQYT,CASSLEESPTQYF,1
TTIQTIVEV,CATSEIQGFSTDTQYF,0
FEDLRVSSF,CGTITQGGSEKLVF,1
FVSNGTHWF,CASSLGELVQETQYF,1
PTNGVGYQPYRVVVLSFELLHAPATVCGPKKSTNLVKNKCVNF,CASSEGARDRGPWYQETQYF,1
MIAQYTSALLAGTITSGWTFGAGAALQIPFAMQMAYRFNGIGV,CASSQAQRGYEQYF,1
RTATKAYNV,CATDADNFNKFYF,0
DLGDISGINASVVNIQKEIDRLNEVAKNLNESLIDLQELGKYE,CATSDRGTGSYNEQFF,1
NSSTCMMCY,CASSSGTGPLNEQFF,0
LLDQLIEEV,CASSRRETAKTETQYF,1
PLIELCVDEAGSKSPIQYIDIGNYTVSCLPFTINCQE,CASRRTEAFF,1
VLQLPQGTTLPKGFYA,CASSLSTGSLDEQFF,1
GFIKQYGDCLGDIAARDLICAQKFNGLTVLPPLLTDEMIAQYT,CASMYLNEQFF,1
SMMILSDDA,CASKVAGFNEQFF,0
RPIIRPATL,CAMREGGSNYQLIW,0
RTQSPRRR,CATSRFGGETQYF,1
AEMEFCPCC,CVVATYSGGGADGLTF,1
LLYDANYFL,ASSLGGSTEAF,1
LSYYKLGASQRVAGDSGFAAYSRYRIGNYKLNTDHSS,CASSYPQGQGATEAFF,1
SLQGRTLIL,CASSLGLGEYEQYF,1
SMMILSDDA,CASRFGVRGYTF,0
AALYGNEKIT,KAIYRFNAI,0
RLQSLQTYV,CASSFPDTHEQYF,0
LLYDANYFL,ASSLGTGSTEAF,1
PTDNYITTY,TTDSWGKFEF,0
GKTELLAPF,CATYNFNKGFYF,1
LVLEVDPNI,CAYNQGGKLIF,1
WESGVKDCVVLHSYFTSDYYQLYSTQLSTDTGVEHVTF,CASSLAVGGDTGELFF,1
LRLATGLRNIPSIQS,CAVQELARLMF,1
PPAYRPPNAPIL,SLGGYEQ,1
GCQEICPAC,CAYNQGGKLIF,1
ARSVASQSIIAYTMSLGAENSVAYSNNSIAIPTNFTISVTTEI,CASSPLAGGSSYEQYF,1
RTQSPRRR,CASSFKSTGQGIGYTF,1
KVYPIILRL,CASSVSGGRTGELFF,0
YTVKYPNL,CASSPNTGQLYF,1
FEDLRVLSF,CAENRLGTALIF,1
YTVKYPNL,CASSSGTGDTEVFF,1
FVSNGTHWF,CASSPQGAGPLDEQYF,1
LKKRWQLALSKGVHFVCNLLLLFVTVYSHLLLVAAGLE,CASARAGANVLTF,1
LRLATGLRNIPSIQS,CAANNNDMRF,1
LLLEWLAMA,CASSLGDREGTWNEQFF,0
SSIEFARL,LCASSYWGNYAEQFFGPG,1
IMYNYPAM,CASSRQGADEQYF,1
AAFKRSCLK,CALATHTGTASKLTF,1
IMYNYPAM,CLSTGDNYQLIW,1
MIAQYTSALLAGTITSGWTFGAGAALQIPFAMQMAYRFNGIGV,CASSSPSAGKEQNNEQFF,1
AEMEFCPCC,CVLNNNDMRF,1
PTNGVGYQPYRVVVLSFELLHAPATVCGPKKSTNLVKNKCVNF,CASSRRDSSYNEQFF,1
RTQSPRRR,CASSLYTGKETQYF,1
AIFYLITPV,CASSVGADEYYEQYF,0
LRLATGLRNIPSIQS,CATDSYNTDKLIF,1
ASSDAGGRNTLY,KVPRNQDWL,0
SYQTQTNSPRRARSVA,CASSQDWDRGYEQYF,1
LLDQLIEEV,CASRKSGSSYNEQFF,1
KSPWFTTL,CATDEDYSNNRLTL,1
KLQFTSLEI,CASTSYAGGELFF,0
PTNGVGYQPYRVVVLSFELLHAPATVCGPKKSTNLVKNKCVNF,CASSGRGRQGGRDTQYF,1
TVYGFCLL,CALSDPGSFNKLTF,1
MADSNGTITVEELKKLLEQWNLVIGFLFLTWICLLQFAYAN,CASSALGYDEQFF,1
NSSTCMMCY,CASSLAETYEQYF,0
KVYPIILRL,CASSYAIAGNLDEQFF,0
LWFHISCLTF,CASSLATGGAYNEQFF,1
LPRWYFYYL,CASSIGTGPEDGYTF,1
LKKRWQLALSKGVHFVCNLLLLFVTVYSHLLLVAAGLE,CSASWEGHTGPSYNEQFF,1
TVYGFCLL,CAVSPNSGGGNAKLTF,1
YVWKSYVHV,CASSLSPANYNEQFF,0
MEVTPSGTWL,CASSLPQPDTQYF,0
VFLVLLPLV,CASSPGTSGGYNEQFF,0
LPRWYFYYL,CAANFNKFYF,1
VLQLPQGTTLPKGFYA,CSARNFPGGLAGIPTDTQYF,1
NLLLQYGSFCTQLNRAL,CSATRDASSYNEQFF,1
TDLGQNLLY,CSAPGQGTTEAFF,1
HSNLNDATY,CASSLRFGQPQHF,0
MEVTPSGTWL,CARSPGGGDPQFF,0
KINMPMSVK,CAVSILTGGGNKLTF,1
ILGFVFTLT,CAVTFSGGYNKLIF,0
LLYDANYFL,ASSGTSGQGSNEQF,1
KINMPMSVK,CVVSDILAAGNKLTF,1
SNVKNLYEKVRSQLKNNAK,ASSRDWGYEQY,1
SIIAYTMSL,CAWTDFRPNTEAFF,0
FTSDYYQLY,CASSHGGDWDQPQHF,0
SYQTQTNSPRRARSVA,CASREGQMNTEAFF,1
VSDGGPNLY,CAERTSGSRLTF,0
WESGVKDCVVLHSYFTSDYYQLYSTQLSTDTGVEHVTF,CAIRPGGGAYNEQFF,1
HSNLNDATY,CVVNKLSF,0
PPAYRPPNAPIL,RQGTGSKL,1
RLQSLQTYV,CASSVPGDNEQYF,0
PTDNYITTY,CASSLRTDSYEQYF,0
ALKCKGFHV,CSARDYEREVYNEQFF,0
RLQSLQTYV,CALSEGYNDYKLSF,0
SLQGRTLIL,CASSPSPANTGQLYF,1
RTQSPRRR,CASSIGFGTSNTEAFF,1
TVYGFCLL,CALRMNYNQGKLIF,1
ARSVASQSIIAYTMSLGAENSVAYSNNSIAIPTNFTISVTTEI,CASSTKKKRGVRIRLMRDEQFF,1
VGATYYFNKNMSTYVDYKIN,CAFMNSYAGNNRKLIW,1
GDCEEEEFEPSTQYEY,CASNGQGAMDEQFF,1
LKKRWQLALSKGVHFVCNLLLLFVTVYSHLLLVAAGLE,CSAAAGDDTQYF,1
VGATYYFNKNMSTYVDYKIN,CLVRANFNKFYF,1
PTDNYITTY,CASSLTTDTQYF,0
VLQLPQGTTLPKGFYA,CASSVSTQVSSYNEQFF,1
FEDLRVLSF,CAVGARETYNTDKLIF,1
ARSVASQSIIAYTMSLGAENSVAYSNNSIAIPTNFTISVTTEI,CASSPNLYEQYF,1
FSTQFAFACPDGVKHVYQLRARSVSPKLFIRQEEV,CASSRRLAEETQYF,1
LVSDGGPNLY,CASRGEAFGRTGELFF,0
NQKLIANAF,CASSLASESYNEQFF,1
NLLLQYGSFCTQLNRAL,CSVRGQGNSPLHF,1
MEVTPSGTWL,CASRDTGGAGDTQYF,0
FEDLRVSSF,CGTENTGNQFYF,1
LLYDANYFL,CAVIVAGNTPLVF,1
SIIAYTMSL,CATSDRGTSVAEQFF,0
NMINFAPNI,CVVTEYSGGGADGLTF,1
YTVKYPNL,CASSQGLGDTQYF,1
LVSDGGPNLY,CASSGLAGVHSYEQYF,0
VLQLPQGTTLPKGFYA,CASSSYRLARSSYNEQFF,1
LLDQLIEEV,CASRASGGAYNEQFF,1
ASSRANYEQY,SIIRFEKL,0
KINMPMSVK,CASSIRDKNEKLFF,1
VSDGGPNLY,CASSFQGDWDGYTF,1
FEDLRVSSF,CAVRVLDTGRRALTF,1
MEVTPSGTWL,ASSLGPLTSGGYTQY,1
KINMPMSVK,CAVGSYSGGGADGLTF,1
TVYGFCLL,CAARPSSSFSKLVF,1
LLDQLIEEV,CASRRGGSSYNEQFF,1
SMWALVISV,CASSLRAGNQETQYF,0
PLIELCVDEAGSKSPIQYIDIGNYTVSCLPFTINCQE,CASSQRGQPQHF,1
EELKKLLEQWNLVIGFLF,CASSFLTPGTEAFF,1
TVYGFCLL,CALTPNYNQGKLIF,1
HSNLNDATY,CASSLSGQPQHF,0
SGPDNGAVAVL,CAVSAMDSNYQLIW,1
RTATKAYNV,CASSLSPAGSDSEAFF,0
RTQSPRRR,CAWIRETEAFF,1
NDMLVCANI,CVVATYSGGGADGLTF,1
TPSVSSSISSL,CALGGGGATNKLIF,1
KVCEFQFCNDPFLGVYYHKNNKSWMESEFRVYSSANNCTFEYV,CASSLVTSVKDTQYF,1
NLLLQYGSFCTQLNRAL,CATSDPGQGDHQPQHF,0
VYFLQSINF,CASSMAENTEAFF,0
NMINFAPNI,CAYNQGGKLIF,1
GCQEICPAC,CAIRQFDANTGELFF,1
ARSVASQSIIAYTMSLGAENSVAYSNNSIAIPTNFTISVTTEI,CASSSTQETQYF,1
EELKKLLEQWNLVIGFLF,CSARDKSAASAYEQYF,1
RLQSLQTYV,CASSQGQGGTNEKLFF,0
RPIIRPATL,CAMRAAGYSGAGSYQLTF,0
GQVMVVAPR,CAVPNQAGTALIF,1
RTATKAYNV,CAYSYGGSQGNLIF,0
KINMPMSVK,CASSLAGAGSEAFF,1
LLYDANYFL,ASTTPVTERYNEQF,1
EELKKLLEQWNLVIGFLF,CASSSGILLYEQYF,1
GKTELLAPF,CAVLMEYGNKLVF,1
LKKRWQLALSKGVHFVCNLLLLFVTVYSHLLLVAAGLE,CASSLKVWVYDEKLFF,1
LLYDANYFL,ASSFGGAEAF,1
KQIYKTPPI,CATEGDSYEQYF,0
FLALCADSI,CSARVQGLNTEAFF,0
SYQTQTNSPRRARSVA,CASSLAGTESSYEQYF,1
LWFHISCLTF,CAVLGPGGSYIPTF,1
VYFLQSINF,CASSLGDRGLLETQYF,0
TVYGFCLL,CAASDDYNQGKLIF,1
ILKGKFQTA,CAFTLWGNEKLTF,0
HSNLNDATY,CALSEAIGSGTYKYIF,0
ARSVASQSIIAYTMSLGAENSVAYSNNSIAIPTNFTISVTTEI,CASSQDGGSGSPLGQYF,1
FEDLRLLSF,CAATYTAGGTSYGKLTF,1
PLIELCVDEAGSKSPIQYIDIGNYTVSCLPFTINCQE,LPGTEAFF,1
HSNLNDATY,CAASNNNARLMF,0
TAFTIPSI,CASAQGRGTEAFF,1
LLDQLIEEV,CAISGNSVPNYGYTF,1
KINMPMSVK,CAARGGNQFYF,1
LACFVLAAV,CASSYWAGWTEAFF,0
PLIELCVDEAGSKSPIQYIDIGNYTVSCLPFTINCQE,CASSPGTGGSPLHF,1
HSNLNDATY,CASSLAIGTPYGYTF,0
RQIAPGQTGKIADYNYKL,CASSSAGGAWETQFF,1
TVYGFCLL,CAARTNTEGADRLTF,1
WLKNKLIPEVKEKHEFLSRL,AWGHSGGPTNTEAF,1
FSTQFAFACPDGVKHVYQLRARSVSPKLFIRQEEV,CASSFSSGQGQFF,1
HSNLNDATY,CSADGLAGGAPFNEQFF,0
TPSVSSSISSL,CASSYLGRQTNTEAFF,1
VYIGDPAQL,CASKTGGAAKNIQYF,0
AVTTDSWGKLQ,LLFGKPVYV,0
YVWKSYVHV,CASSVSGPPTGELFF,0
GLDNHTILL,CASSLGGGRYEQYF,1
TPSVSSSISSL,CVVSGDKLIF,1
HSNLNDATY,CAASAGNQFYF,0
ILKGKFQTA,CAMREGLGGKLIF,0
FLAHIQWMV,CASSPSGVYNEQFF,0
VLQLPQGTTLPKGFYA,CASSVLGSSYNSPLHF,1
PTNGVGYQPYRVVVLSFELLHAPATVCGPKKSTNLVKNKCVNF,CASSSPAGPGYEQYF,1
FLAHIQWMV,CASSLDRNTEAFF,0
SGPDNGAVAV,CAVSGGAGNTGKLIF,1
TAFTIPSI,CASSLTGNTEAFF,1
LLDQLIEEV,CATGPNYSNQPQHF,1
ILSRLDKVEAEVQIDRLITGRLQSLQTYVTQQLIRAAEIRASA,CASSFGQEQFF,1
IAGRSALEDLLFSKVVT,CAVSLTYKYIF,1
LLYDANYFL,ASSQPVERVNSPLH,1
RLQSLQTYV,CASSLRSGRVQETQYF,0
LPDDFTGCVIAWNSNNLDSKVGGNYNYLYRLFRKSNLKPFERD,CASSESPDTQYF,1
LLDQLIEEV,CASRRSGGSYNEQFF,1
WNRKRISNCVADYSVLYNS,ASSYIHRSNTEAF,1
NLLLQYGSFCTQLNRAL,CATSAPDRGNNQPQHF,0
FEDLRVSSF,CAGLRGAGSYQLTF,1
ARSVASQSIIAYTMSLGAENSVAYSNNSIAIPTNFTISVTTEI,CASLQGDYEQYF,1
VLQLPQGTTLPKGFYA,CASSQEAGDAGNTIYF,1
NQKLIANAF,SDLRTCNKTRLMC,1
RPIIRPATL,CSVEGPRGQFF,0
FTSDYYQLY,CASSYNPGNNEQFF,0
ILSRLDKVEAEVQIDRLITGRLQSLQTYVTQQLIRAAEIRASA,CASSVEGVSGGSMSQFF,1
RTATKAYNV,CATSDYNRDFYGYTF,0
SYQTQTNSPRRARSVA,CASTKLDGYNEQFF,1
ASSRANYEQY,FAPGNYPAL,0
NLLLQYGSFCTQLNRAL,CSATRDGGNTYGYTF,1
DRFYKTLRAEQASQEV,CASSRTGGPSYEQYF,1
DRFYKTLRAEQASQEV,CASSRRTSGGTDTQYF,1
NLLLQYGSFCTQLNRAL,FSARRGSEAFF,1
LKKRWQLALSKGVHFVCNLLLLFVTVYSHLLLVAAGLE,CASSLWSTSGGAGDTQYF,1
RTATKAYNV,CAISESNGALHSPLHF,0
WLKNKLIPEVKEKHEFLSRL,SARDLRELEQY,1
FAFACPDGV,CAVRDIQGRRALTF,0
MIAQYTSALLAGTITSGWTFGAGAALQIPFAMQMAYRFNGIGV,CASSQDRQGGFYEQYF,1
WLKNKLIPEVKEKHEFLSRL,ASSLFSSGNTIY,1
PPAYRPPNAPIL,SFGTYEQ,1
SYQTQTNSPRRARSVA,CASGLFLGETQYF,1
KSPWFTTL,CAASLGDSNNRIFF,1
ASRPGLAGGRPEQY,LGYGFVNYI,0
SPIFRIVAA,TTDSWGKFEF,0
PLIELCVDEAGSKSPIQYIDIGNYTVSCLPFTINCQE,CASSEVGFYNEQFF,1
IPTITQMNL,CASSALTGPNTEAFF,0
MEVTPSGTWL,CASSPQVSGANVLTF,0
ARSVASQSIIAYTMSLGAENSVAYSNNSIAIPTNFTISVTTEI,CASSFRARGDTEAFF,1
VLQLPQGTTLPKGFYA,CASGLQGLAFNEQFF,1
LRLATGLRNIPSIQS,CIVRVGTNQGGKLIF,1
ARSVASQSIIAYTMSLGAENSVAYSNNSIAIPTNFTISVTTEI,CASSQSGPPAYNEQFF,1
FNGIGVTQNVLYENQKLIANQFNSAIGKIQDSLSSTASALGKL,CASSLAGGQVNTEAFF,1
FEDLRLLSF,CGTERRPSNTGKLIF,1
ASSDAGGRNTLY,KAPFNFATM,0
HSNLNDATY,CAVRMNYGGSQGNLIF,0
TVYGFCLL,CAALDSNYQLIW,1
PTDNYITTY,CALTTDSWGKLQF,1
FVSNGTHWF,CASSSQGDATNEKLFF,1
LPQGFSAL,CASSWGQGSGNTIYF,1
LLYDANYFL,CASSLGAGGTEAFF,0
DRFYKTLRAEQASQEV,CASRQGQPFYGYTF,1
VYFLQSINF,CASSGGLGTDYEQYF,0
KPRQKRTAT,CATDEGGSEKLVF,1
FTSDYYQLY,CAISEQGGNTEAFF,0
ILGFVFTLT,CIVRSPQGSNYKLTF,0
RYPLTFGW,CASKSNLASWLDTQYF,1
YTVKYPNL,CASSPDWGSQNTLYF,1
PTNGVGYQPYRVVVLSFELLHAPATVCGPKKSTNLVKNKCVNF,CASSQAHPGESLANYGYTF,1
FEDLRVSSF,CAFMRGFGNVLHC,1
PPAYRPPNAPIL,SLTGGPYEQ,1
ALASCMGLIY,CAMRYYGGATNKLIF,0
RLQSLQTYV,CAESIGDDKIIF,0
ILSPFLPLL,QDPSQ,1
QRRPQGLPNNTASWFTALTQHGKEDLKFPRGQGVPINT,CASSLVTGLGGRRTYEQYF,1
TPSVSSSISSL,CVVKPDPFSGGYNKLIF,1
VLQLPQGTTLPKGFYA,CASSFISLGTEAFF,1
ARSVASQSIIAYTMSLGAENSVAYSNNSIAIPTNFTISVTTEI,CASSPGLAYEQYF,1
GFIKQYGDCLGDIAARDLICAQKFNGLTVLPPLLTDEMIAQYT,CASSGGQGAFDEQFF,1
VYIGDPAQL,CAMSSGFQKLVF,1
TLLALHRSYLTPGDSSSGWTAGAAAYYVGYLQPRTFLLKYNEN,CASTDMNTGELFF,1
LLYDANYFL,CAASEAGITTDSWGKLQF,1
RTQSPRRR,CASNVGLNTGELFF,1
HSNLNDATY,CASSLGQGGNEKLFF,0
WLLWPVTLA,CASSIVRGSYYEQYF,0
LWFHISCLTF,CASSLQVGGSYNEQFF,1
PPAYRPPNAPIL,SDNYAQGL,1
TRLALIAPK,CAVPNQAGTALIF,1
HSNLNDATY,CASSYGTGTDTQYF,0
LPDDFTGCV,CASSLSAGTEAFF,0
TVYGFCLL,CALRENYNQGKLIF,1
RTATKAYNV,CASRLSPAGSDSEAFF,0
LLDQLIEEV,CASSVRQGRAEQFF,1
YTVKYPNL,CASSDAGQGNERLFF,1
LPDDFTGCVIAWNSNNLDSKVGGNYNYLYRLFRKSNLKPFERD,CASSPVDNSYEQYF,1
SLQGRTLIL,CASSPPGQGYEQYF,1
PPAYRPPNAPIL,RSGSFNKL,1
TVYGFCLL,CAASATSSGQKLVF,1
DRFYKTLRAEQASQEV,CASSEKASGLGEQYF,1
LVSDGGPNLY,CVVPMNTGFQKLVF,0
LSYYKLGASQRVAGDSGFAAYSRYRIGNYKLNTDHSS,CASSLNLAGSTDTQYF,1
ALKCKGFHV,CASSLGTGGYEQYF,0
FEDLRLLSF,CGTERSGGYQKVTF,1
NMLSTVLGV,CAASGGSSNTGKLIF,1
LPRWYFYYL,CALHSGYALNF,1
NLLLQYGSFCTQLNRAL,CASSEALTNQPQHF,1
ILSPFLPLL,QDPAK,1
MPYFFTLLL,CASSVGATDTQYF,0
FTSDYYQLY,CASSPRDTLISGNTIYF,0
VYFLQSINF,CASSEGTSGGISDTQYF,0
PTDNYITTY,CASSLLQYNEQFF,0
ATVQGQNLK,CAVHPMQAGTALIF,1
LLYDANYFL,ASSLGGAEAF,1
LRVMMLAPF,CAVSSPQGGSEKLVF,1
RQIAPGQTGKIADYNYKL,CASSTRTGSPYEQYF,1
WLLWPVTLA,CASSTGQGARETQYF,0
VLQLPQGTTLPKGFYA,CASSLGDSRAPGNTIYF,1
TAFTIPSI,CASSTRDPRQTQYF,1
MLDMYSVML,CASSYWGGREDTQYF,0
RVAGDSGFAAY,CASSLDVPYEQYF,0
LLDQLIEEV,CASSSPTGLIYEQYF,1
TLMNVITLV,CASSLSNTPGEQFF,0
ASSDAGGRNTLY,KATYYDNTA,0
VENPHLMGWD,CASKHSGTGVLARELFF,0
YTMADLVYA,CSVGDSNQPQHF,0
AVTTDSWGKLQ,LLFGYPVFV,0
LLYDANYFL,CAVVKSGNTPLVF,1
VYIGDPAQL,CASRAGGGDEQFF,0
ILSRLDKVEAEVQIDRLITGRLQSLQTYVTQQLIRAAEIRASA,CAWSVSGGRANEQFF,1
ARSVASQSIIAYTMSLGAENSVAYSNNSIAIPTNFTISVTTEI,CASSFSTPQSSYNEQFF,1
WESGVKDCVVLHSYFTSDYYQLYSTQLSTDTGVEHVTF,CSARAYNREDYNEQFF,1
SGPDNGAVAVL,CAFYMGYKLTF,1
KVCEFQFCNDPFLGVYYHKNNKSWMESEFRVYSSANNCTFEYV,CASRPAGVRNEQFF,1
SGPDNGAVAV,CALVYTGGLSGKLTF,1
SLQGRTLIL,CASSLWGGEQYF,1
RQIAPGQTGKIADYNYKL,CAWSGGDTQYF,1
YLFDESGEF,CASSQTGTGAAEAFF,0
FTSDYYQLY,CATSLRTDSYEQYF,0
DIYKGVYQFKSV,CASSEGTGGDEQYF,1
SYQTQTNSPRRARSVA,CASSPTGDEQYF,1
AVTTDSWGKLQ,MLWGYLQYV,0
TCSALGARNSDYT,FESAITNLG,0
ILSPFLPLL,ADQSR,1
TVYGFCLL,CVLGDSNYQLIW,1
RQIAPGQTGKIADYNYKL,CASTLPGGYGYTF,1
LLDQLIEEV,CASSLSRATPYGYTF,1
TTIQTIVEV,CASSPPPGQASYEQYF,0
RQIAPGQTGKIADYNYKL,CASSFYGQPQHF,1
VSDGGPNLY,CSAQGREGTGELFF,1
RTQSPRRR,CASSQDLGNMNTEAFF,1
HSNLNDATY,NSNSGYALNF,0
TPSVSSSISSL,CAVTPSGNTPLVF,1
FEDLRLLSF,CAMRVPGQNFVF,1
NVFAFPFTI,CASSQLDRGFQYF,0
NNSYECDIPIGAGICASYQ,ASSVDPNTEAF,1
YTVKYPNL,CASSLDSSQNTLYF,1
RQIAPGQTGKIADYNYKL,CASRDRRSSTDTQYF,1
FSTQFAFACPDGVKHVYQLRARSVSPKLFIRQEEV,CAWRTGRDEQFF,1
YLYALVYFL,CASSFYGRGGKGNQETQYF,0
YTVKYPNL,CASGDGISNERLFF,1
ASSRANYEQY,LEQLESIINFEKLAAAAAK,0
YTVKYPNL,CASSPGTGNQAPLF,1
VYFLQSINF,CSVEPSGSYEQYF,0
IMYNYPAM,CAVSGGGRALIF,1
PLIELCVDEAGSKSPIQYIDIGNYTVSCLPFTINCQE,CASTPGQGGPYEQYF,1
EELKKLLEQWNLVIGFLF,CASSLGLALGEQYF,1
PPAYRPPNAPIL,SLTALSYEQ,1
KSPWFTTL,CALGVTGGNNKLTF,1
FEDLRLLSF,CAVRDASGGSYIPTF,1
NLLLQYGSFCTQLNRAL,CSARGTRAFGEQYF,1
SLQGRTLIL,CASSLQNERLFF,1
ILSPFLPLL,QSPDR,1
PLIELCVDEAGSKSPIQYIDIGNYTVSCLPFTINCQE,CASRTSDSYNEQFF,1
LLYDANYFL,ASSLGGTEAF,1
KSPWFTTL,CAVSGDYSNNRLTL,1
VMHANYIFW,CASSLIGGGATNEKLFF,0
HSNLNDATY,CAVKTSYIPTF,0
RIRGGDGKM,CAWSAGTGNSPLHF,0
RLITGRLQSL,CAVDANNDMRF,1
RPIIRPATL,CASSQNTGELFF,0
EIQEFCPNT,CVVALYSGGGADGLTF,1
ILSPFLPLL,QDPSK,1
KPRQKRTAT,CASSRTGSFDEQYF,0
NLLLQYGSFCTQLNRAL,CSVGDSSNQPQHF,1
KQIYKTPPI,CSVEEVSGANVLTF,0
NLLLQYGSFCTQLNRAL,RSGTRDVGSYNEQFF,1
FTSDYYQLY,CSANTYDEVQETQYF,0
RLQSLQTYV,CASSSANSGELFF,0
LWFHISCLTF,CALNPGANSKLTF,1
QPGQTFSVL,CAVQAPMSARGSQGNLIF,1
VLQLPQGTTLPKGFYA,CASSQVEGAPDSPLHF,1
SSIEFARL,LCASSYWGWAEQFFGPG,1
FLAHIQWMV,CASRTENTNYGYTF,0
MADSNGTITVEELKKLLEQWNLVIGFLFLTWICLLQFAYAN,CASSQEGLRGSQPQHF,1
DIYKGVYQFKSV,CASSSHNSGNTLYF,1
SSIEFARL,LCASRPTGNTEVFFGKG,1
ASSRANYEQY,ASNENMDAM,0
MIAQYTSALLAGTITSGWTFGAGAALQIPFAMQMAYRFNGIGV,CSVEVRQTSSYEQYF,1
KSVNITFEL,CASSLGQSSYNEQFF,0
TVYGFCLL,CAARASSSFSKLVF,1
GFIKQYGDCLGDIAARDLICAQKFNGLTVLPPLLTDEMIAQYT,CASLSSGGDSPLHF,1
LPRWYFYYL,CADHGSSNTGKLIF,1
NLLLQYGSFCTQLNRAL,CSARDRANTGELFF,1
YLGGMSYYC,CATSDSSGSNEQFF,0
MADSNGTITVEELKKLLEQWNLVIGFLFLTWICLLQFAYAN,CASSPLSGGLPPDTQYF,1
KINMPMSVK,GASSLEVGGLAKNIQYF,1
LWLLWPVTL,CASSDGHQGLQETQYF,0
LLLEWLAMA,CASSPPGGSSYEQYF,0
RQIAPGQTGKIADYNYKL,CASSLSDSPYNEQFF,1
YTVKYPNL,CASSRTGGYEQYF,1
HSNLNDATY,CASSLGGGPTTDTQYF,0
NVFAFPFTI,CASSQDPAERSGNTIYF,0
EYLVSFGVW,CAPSWYSSASKIIF,1
TSQWLTNIF,CASSPAGTGGLSYF,0
AALYGNEKIT,KAVYNFATC,0
RVAGDSGFAAY,CASSRHRGHFNEQFF,0
ARSVASQSIIAYTMSLGAENSVAYSNNSIAIPTNFTISVTTEI,CSAETSGDSYEQYF,1
TAFTIPSI,CATDVAGRRALTF,1
VLQLPQGTTLPKGFYA,CASSPYGDQGASNEQFF,1
RLQSLQTYV,CASGFGQANNEKLFF,0
GFIKQYGDCLGDIAARDLICAQKFNGLTVLPPLLTDEMIAQYT,CASSIESSNRAGTHNEQFF,1
AALYGNEKIT,KAPFNFATM,0
QELIRQGTDY,CAWRHFDTEAFF,0
SSIEFARL,LCASRNWGTQNTLYFGAG,1
SYQTQTNSPRRARSVA,CSARDVAAARFEDTEAFF,1
EELKKLLEQWNLVIGFLF,CSARDHRAATYNEQFF,1
LKKRWQLALSKGVHFVCNLLLLFVTVYSHLLLVAAGLE,CARGTGTEYF,1
SYQTQTNSPRRARSVA,CASTNTGELFF,1
MEVTPSGTWL,CASSPPGTEAFF,0
SKRSFIEDLLFNKVTLA,CAVSLTYKYIF,1
SNVKNLYEKVRSQLKNNAK,ASSLGASQNTLY,1
YLFDESGEF,CASSIRGSYNEQFF,0
SLQGRTLIL,CASNNQDTQYF,1
TPSVSSSISSL,CIVRVDSSNTGKLIF,1
SPSYVYHQF,CILQGGSAKLIF,1
YTVKYPNL,CASSLGQANSDYTF,1
LRLATGLRNIPSIQS,CAVGLTDSWGKLQF,1
GDCEEEEFEPSTQYEY,CASSLVLGLGLHTDTQYF,1
KVKEVCPNV,CAFRVSHDMRF,1
LLYDANYFL,CASSITDRVHAGANVLTF,0
HSNLNDATY,CAVQGNTDKLIF,0
VFLVLLPLV,CATSPPEALWEQYF,0
RVAGDSGFAAY,CASRGPNSNQPQHF,0
GKTELLAPF,CAVMDQDGANSKLTF,1
LKKRWQLALSKGVHFVCNLLLLFVTVYSHLLLVAAGLE,CASSYPQGTDSDTEAFF,1
SIIAYTMSL,CASSYSKGRIYEQYF,0
SNVKNLYEKVRSQLKNNAK,TCSAGGAETLY,1
NVFAFPFTI,CASSVDDTGLSYEQYF,0
NNSYECDIPIGAGICASYQ,ASSQDSGGQGFYEQY,1
SYQTQTNSPRRARSVA,CASSQDLDPSYEQYF,1
RPIIRPATL,CAFFPGNQFYF,0
RLQSLQTYV,CASTRGESYEQYF,0
ARSVASQSIIAYTMSLGAENSVAYSNNSIAIPTNFTISVTTEI,CASSRNPSREENNEQFF,1
SGPDNGAVAV,CVLSAGTGGLSGNLTF,1
VGATYYFNKNMSTYVDYKIN,CASSYSFAGNTEAFF,1
FLALCADSI,CASSSRLAGVRTTGNNEQFF,0
FPTKDVAL,CAWSVAAGILEQFF,1
SGPDNGAVAVL,CALRPTGGSNAKVTF,1
SLQGRTLIL,CASSLGQGADTLYF,1
GDCEEEEFEPSTQYEY,CASSLVPGGASYNEQFF,1
MIAQYTSALLAGTITSGWTFGAGAALQIPFAMQMAYRFNGIGV,CASSFSGVQETQYF,1
LMNVLTLVY,CSAFYPGAGEAFF,0
FTSDYYQLY,CASSLGGSNTDTQYF,0
LWFHISCLTF,CASSAFSGGAYNEQFF,1
VYFLQSINF,CASTIQANYGYTF,0
THLMVLCCV,CAIRQFDANTGELFF,1
NQKLIANAF,CASSLASQSYNEQFF,1
QELIRQGTDY,CSARTGANYGYTF,0
NLLLQYGSFCTQLNRAL,CATSDTRVGDNQPQHF,1
VMVELVAEL,CASSLGRQIGYEQYF,0
TPSVSSSISSL,CAVVTSGTYKYIF,1
SYQTQTNSPRRARSVA,CASSPPVGQETQYF,1
FEDLRLLSF,CAARGRYNTDKLIF,1
LWFHISCLTF,CASGVYSSASKIIF,1
RPIIRPATL,CAARAQKLVF,0
PLIELCVDEAGSKSPIQYIDIGNYTVSCLPFTINCQE,CASSSQGNTGELFF,1
FTPLVPFWI,CASSLGGGQPQHF,0
EELKKLLEQWNLVIGFLF,CASAGESYEQYF,1
KINMPMSVK,CAVRASGSRLTF,1
NLLLQYGSFCTQLNRAL,CATSDPARGDNQPQHF,1
ILSRLDKVEAEVQIDRLITGRLQSLQTYVTQQLIRAAEIRASA,CSVDTGERNIQYF,1
NQKLIANAF,CAYRFNNNDMRF,1
RVAGDSGFAAY,CASSLGDRGYQPQHF,0
MIAQYTSALLAGTITSGWTFGAGAALQIPFAMQMAYRFNGIGV,CASRQPLRVGNTGELFF,1
GQMWLLAPR,CAVSFPAGANSKLTF,1
SVTTEILPVSMTKTSVDCTMYICGDSTECSNLLLQYGSFCTQL,CASSHGQPAYNEQFF,1
NQKLIANAF,CALPIGFGNVLHC,1
LTHIDHIFMDILTTCVETM,ASRGTGDQPQH,1
SGPDNGAVAVL,CAGYNQGKLIF,1
RQIAPGQTGKIADYNYKL,CASKAPSTDTQYF,1
NQKLIANAF,CIVRPPISNTGNQFYF,1
THLMVLCCV,CAYNQGGKLIF,1
TTDSWGKFEF,GILGFVFTL,1
EELKKLLEQWNLVIGFLF,CASRAGLAVTQYF,1
LLYDANYFL,ASSQGTGGANEQY,1
VGATYYFNKNMSTYVDYKIN,CAMSVWGGTSYGKLTF,1
PLTFGWCYKL,TTDSWGKFEF,0
FEDLRLLSF,CAASGPAGYSTLTF,1
TCSALGARNSDYT,FNSAITNLG,0
FTSDYYQLY,CSARDPAGVGVDEQYF,0
RQIAPGQTGKIADYNYKL,CASGLWRNQETQYF,1
HSNLNDATY,CASSGRVEEYGGELFF,0
VSDGGPNLY,CALGTEGNVLHC,1
RQIAPGQTGKIADYNYKL,CATQGGVSYGYTF,1
MEVTPSGTWL,CAVSGPRNNNARLMF,1
RTQSPRRR,CSARDGTDYGYTF,1
LLYDANYFL,CASSSVDNQPQHF,0
SPSYVYHQF,CIVTEGGGSGNKLIF,1
GCQEICPAC,CVLNNNDMRF,1
ARSVASQSIIAYTMSLGAENSVAYSNNSIAIPTNFTISVTTEI,CASSHSGNEQFF,1
LKKRWQLALSKGVHFVCNLLLLFVTVYSHLLLVAAGLE,CASSLLWVGNTEAFF,1
PTDNYITTY,CASSLSSDSYEQYF,0
SNVKNLYEKVRSQLKNNAK,ASSQELGGREQY,1
SVTTEILPVSMTKTSVDCTMYICGDSTECSNLLLQYGSFCTQL,CASSSGRGGYNEQFF,1
FEDLRVLSF,CAVLLPRDNYGQNFVF,1
TDLGQNLLY,CAISESGSLLDGYTF,1
MEVTPSGTWL,CASTVGQGWAETQYF,0
AALYGNEKIT,DIYKGVYQFKSV,0
WLLWPVTLA,CASSFGAGAKAGELFF,0
LLDQLIEEV,CASSQAATSLAKNIQYF,1
NLLLQYGSFCTQLNRAL,CATSDPGQGDYNEQFF,1
AIMEKNIVL,CVVERGLTGGGNKLTF,1
DTDFVNEFY,CASSPGGTEAFF,0
SPIFRIVAA,CASTTPDPTDTQYF,0
SIIAYTMSL,CAMREGAGNQFYF,1
AIFYLITPV,CASSLDPDRVSYEQYF,0
RPIIRPATL,CASSI,0
YTVKYPNL,CASSLGLGGYAEQFF,1
NLLLQYGSFCTQLNRAL,CATSSPAGGNYNEQFF,1
RPIIRPATL,CILRYNAGNMLTF,0
PLIELCVDEAGSKSPIQYIDIGNYTVSCLPFTINCQE,CASSTRTGPNSPLHF,1
HSNLNDATY,CAMREGENNARLMF,0
FEDLRVSSF,CAMREVSGGYNKLIF,1
SLQGRTLIL,CGARGRNSDYTF,1
MIAQYTSALLAGTITSGWTFGAGAALQIPFAMQMAYRFNGIGV,CAIRTPGQGAEAFF,1
ALKCKGFHV,CALNKAGNALIF,0
NLLLQYGSFCTQLNRAL,CATSDPRNGDNQPQHF,1
RTQSPRRR,CASSGGAGLVQETQYF,1
RLQSLQTYV,CAVYVDNMLTF,0
LLYDANYFL,ASSLGAGGNVLT,1
LKKRWQLALSKGVHFVCNLLLLFVTVYSHLLLVAAGLE,CASSQVPGTGIPGELFF,1
RTQSPRRR,CASSLDSLGGSDGYTF,1
PPAYRPPNAPIL,TLNYAQGL,1
LCWKCRSKNPLLYDANYFLCWHTNCYDYCIPYNSVTSS,CASNSGGNQPQHF,1
LLDQLIEEV,CASSPGKGVHGYTF,1
MIAQYTSALLAGTITSGWTFGAGAALQIPFAMQMAYRFNGIGV,CASSQGTGGSYGYTF,1
NQKLIANAF,CAEKKGTALIF,1
LLYDANYFL,ASSYSIPATEAF,1
VLQLPQGTTLPKGFYA,CASSSPSTSGRWEQYF,1
YMPYFFTLL,CASSQDHPGGYEQYF,0
RPIIRPATL,CAFRSYNTDKLIF,0
MEVTPSGTWL,CASRGQGDYGYTF,0
ATVQGQNLK,CAVTDDTGKLIF,1
SLQGRTLIL,CASSLGQGDEQYF,1
AEVQIDRLI,CASRPGTSGGYEQYF,0
KLNEEIAII,CASSLLAGVSYNEQFF,0
SLQGRTLIL,CASSMLGGHAEQFF,1
ARSVASQSIIAYTMSLGAENSVAYSNNSIAIPTNFTISVTTEI,CASSFTPGTGELFF,1
SYQTQTNSPRRARSVA,CASSVGGDYEQYF,1
HSNLNDATY,CAMREGGDSGYALNF,0
HSNLNDATY,CALSTIKAAGNKLTF,0
ILSRLDKVEAEVQIDRLITGRLQSLQTYVTQQLIRAAEIRASA,CASSPPWTGGQETQYF,1
KSVNITFEL,CASSLAQINYEQYF,0
ILKGKFQTA,CSAFRTRGVLTDTQYF,0
SLQGRTLIL,CASSLLGEDEQYF,1
EELKKLLEQWNLVIGFLF,CASTTQKQADTQYF,1
NMLSTVLGV,CVVDTGGFKTIF,1
RGYVYQGL,AAPAYQGGRALI,1
SYQTQTNSPRRARSVA,CASSQEGLAAYEQYF,1
TPSVSSSISSL,CASSLVVEDTEAFF,1
RLQSLQTYV,CASSTLAGSTDTQYF,0
IAGRSALEDLLFSKVVT,CAGRQGAQKLVF,1
EELKKLLEQWNLVIGFLF,CASSAGLAVYEQYF,1
GFIKQYGDCLGDIAARDLICAQKFNGLTVLPPLLTDEMIAQYT,CASSYSTGTGGSIPNNEQFF,1
SIIAYTMSL,CASSLAGNTIYF,0
PTDNYITTY,CASSQRTDSYEQYF,0
HSNLNDATY,CAMASSYEQYF,0
ASSDAGGRNTLY,KAVYNFATC,0
DRFYKTLRAEQASQEV,CALEGNAGNMLTF,1
SLQGRTLIL,CASSYQGDTQYF,1
YADVFHLYL,CSARDRTGVKNIQYF,0
ARSVASQSIIAYTMSLGAENSVAYSNNSIAIPTNFTISVTTEI,CASSVLAGAYNEQFF,1
LLDQLIEEV,CASSLSAGGVNEQFF,1
RTQSPRRR,CASSPASAYEQYF,1
EELKKLLEQWNLVIGFLF,CASSGGLALYEQYF,1
ARSVASQSIIAYTMSLGAENSVAYSNNSIAIPTNFTISVTTEI,CASSQVAGQGYSGNSPLHF,1
LTHIDHIFMDILTTCVETM,ASTLGVTGNENEKLF,1
GDCEEEEFEPSTQYEY,CASSLKASYNEQFF,1
NLLLQYGSFCTQLNRAL,CSAPIAWDSNQPQHF,1
NVFAFPFTI,CASSPVSYNEQFF,0
EELKKLLEQWNLVIGFLF,CAISQGLAGGSEETQYF,1
PPAYRPPNAPIL,SLAGSSYEQ,1
MADSNGTITVEELKKLLEQWNLVIGFLFLTWICLLQFAYAN,CASSMVEPSYNEQFF,1
FEDLRVSSF,CAVRDGFWGSARQLTF,1
GDCEEEEFEPSTQYEY,CASSSTPGVYNEQFF,1
RTQSPRRR,CASSSDYYEQYF,1
YTVKYPNL,CASSFGNTEVFF,1
TLKNTVCTV,CASSSSDPPGNQPQHF,0
LLYDANYFL,CASSLGGEGAFF,0
RTQSPRRR,CSARGGRGGDYTF,1
PTDNYITTY,CASSKRTDSYEQYF,0
RTATKAYNV,CASSFLIAGRETQYF,0
FEDLRVLSF,CAVLSGAGSYQLTF,1
KVCEFQFCNDPFLGVYYHKNNKSWMESEFRVYSSANNCTFEYV,CASSRGGAFIANYGYTF,1
LVSDGGPNLY,CAVRDSFSYSGGGADGLTF,0
DTDFVNEFY,CASATGGGNTEAFF,0
KVCEFQFCNDPFLGVYYHKNNKSWMESEFRVYSSANNCTFEYV,CASSAIVAVYGYTF,1
FEDLRVLSF,CALSAGGLDQAGTALIF,1
NQKLIANAF,CAPYSGGSQGNLIF,1
TDLGQNLLY,CSAPGQGSTEAFF,1
VSDGGPNLY,CAAHTNAGKSTF,1
LMIERFVSL,TTDSWGKFEF,0
KVYPIILRL,CASSQRTPSTGELFF,0
RYPLTFGW,CAVRPDYKLSF,1
MEVTPSGTWL,ASSLYVTRGEAALDEQF,1
ALASCMGLIY,CAASDSSGGGADGLTF,0
RTQSPRRR,CASSIGDQETQYF,1
WLKNKLIPEVKEKHEFLSRL,ASSQDGASGRAYTQY,1
NQKLIANAF,CASSLEDTVYGYTF,1
FTSDYYQLY,CASSQSTGDHGYTF,0
ILSRLDKVEAEVQIDRLITGRLQSLQTYVTQQLIRAAEIRASA,CASSWPSSGSSYNEQFF,1
YTVKYPNL,CASSYRGEVFF,1
KINMPMSVK,CAARYGADGLTF,1
ALASCMGLIY,CASSSSGANVLTF,0
NQKLIANAF,CASSFEDTNYGYTF,1
LLYDANYFL,CASSQDFSGGGTEAFF,0
SYQTQTNSPRRARSVA,CASSLTGSYEQYF,1
SNVKNLYEKVRSQLKNNAK,ASRDNYEQY,1
RTATKAYNV,CASSKGVKENTEAFF,0
SYQTQTNSPRRARSVA,CASSPTILSLNTEAFF,1
EELKKLLEQWNLVIGFLF,CASSSTGDDSGNTIYF,1
MEVTPSGTWL,CASSRGGDLGTDTQYF,0
DRFYKTLRAEQASQEV,CAVQGGIQGGSEKLVF,1
FEDLRLLSF,CAVQAMGDKIIF,1
FVSNGTHWF,CSVLKDRMKNFF,1
RYPLTFGW,CAARSTGNQFYF,1
ASSRANYEQY,SIFNFEKL,0
ALKCKGFHV,CAVQADSSASKIIF,0
PPAYRPPNAPIL,SRQAYEQ,1
PLIELCVDEAGSKSPIQYIDIGNYTVSCLPFTINCQE,CASSLRPGNTGNTIYF,1
RTQSPRRR,CASSLSSTHEQYF,1
LLDQLIEEV,CSAQRREQYF,1
TDLGQNLLY,CSANGLAGAGETQYF,1
LLDQLIEEV,CASRQGGGSYNEQFF,1
SNVKNLYEKVRSQLKNNAK,ASSQDLQANTGQLY,1
FEDLRLLSF,CAAPANTGNQFYF,1
LLDQLIEEV,CATQLGGNTEAFF,1
KYTSFPWL,CASSLEEVAFGDTEAFF,1
HSNLNDATY,CSVASLWGYTF,0
TVYGFCLL,CAASENYANKMIF,1
FLAHIQWMV,CASSIAAVFGDTQYF,0
TSQWLTNIF,CASTTGTGLINEQFF,0
ARSVASQSIIAYTMSLGAENSVAYSNNSIAIPTNFTISVTTEI,CASSQDRRGGEQYF,1
HSNLNDATY,CASSQGLNTEAFF,0
TDLGQNLLY,CASNVLDNEQFF,1
VLQLPQGTTLPKGFYA,CASSPGQGLRNQPQHF,1
FTSDYYQLY,CASSLGGQGDGSPLHF,0
LLYDANYFL,ASSLGGEGAF,1
PPAYRPPNAPIL,SLVGGAREQ,1
DIYKGVYQFKSV,CASSIQGAETLYF,1
AALYGNEKIT,FQPQNGQFI,0
LVSDGGPNLY,CARHRGGSYIPTF,0
LPQGFSAL,CASSLVFSGQGVNTGELFF,1
ILGFVFTLT,CAVRLAGGYNKLIF,0
IAGRSALEDLLFSKVVT,CAVSSSGGSYIPT,1
RYPLTFGW,CAGPLYSGAGSYQLTF,1
RTMEVCYNT,CVLNNNDMRF,1
VGGNYNYLYRLFRKSNLKP,AWSEGQGVGQPQH,1
ELRSRYWAI,CASSLAGREGTQYF,0
TDLGQNLLY,CSAPGQGRTEAFF,1
LLDQLIEEV,CASSFPPRDRAYNEQFF,1
LKKRWQLALSKGVHFVCNLLLLFVTVYSHLLLVAAGLE,CASSLRDYYEQYF,1
DIYKGVYQFKSV,CASSEHNSGNTLYF,1
MEVTPSGTWL,CSASPFPGTVSGNTIYF,0
RVAGDSGFAAY,CASRSSLGAYEEQYF,0
THLMVLCCV,CVLNNNDMRF,1
SLQGRTLIL,CASGGGQNSDYTF,1
YLFDESGEF,CASSLWTMWEETQYF,0
LWFHISCLTF,CATVAYYGNNRLAF,1
LLDQLIEEV,CASSPPTRGQGYTF,1
HSNLNDATY,CAVNGNKLVF,0
WPVTLACFV,CASSLVIGSYTEAFF,0
FAFACPDGV,CAVRDIQGRRALTFCAVVGKFYF,1
TRSMWSFNPETNILLNVPLHGTILTRPLLESELVIGAVILR,CASSHGLSETQYF,1
LPRWYFYYL,CVVLSSASKIIF,1
NVFAFPFTI,CASSESLVHNYGYTF,0
FTSDYYQLY,CASYPHSNTGELFF,0
VFLVLLPLV,CASSVDGGRNNEQFF,0
NFGDQELIRQGTDYKHWPQ,ASSVVLAGTPGELF,1
RTATKAYNV,CASSPDPWGVDTEAFF,0
AAFKRSCLK,CVVNNNNNDMRF,1
YTVKYPNL,CASSLTYEQYF,1
FLPGVYSVI,CASSYRVGRSSYEQYF,0
LVSDGGPNLY,CAVRDIPGDSNYQLIW,0
FEDLRVSSF,CALTPTGGNTPLVF,1
FEDLRVSSF,CAVLPNTNAGKSTF,1
TPSVSSSISSL,CSARDLRQGGVLNTEAFF,1
LPRWYFYYL,CAVSAEGGFKTIF,1
LLYDANYFL,ASSLGSGGNEAF,1
DTDFVNEFY,CSARLAGGYEQYF,0
EELKKLLEQWNLVIGFLF,CASSPDSRYEQYF,1
NLLLQYGSFCTQLNRAL,CATSDTKTGDNQPQHF,1
PPAYRPPNAPIL,SGTNTGKL,1
KAALDLSHF,CASSLERVGYNEQFF,1
RLQSLQTYV,CASRDLGQVNTGELFF,0
MADSNGTITVEELKKLLEQWNLVIGFLFLTWICLLQFAYAN,CASSQESAPREQYF,1
SLQGRTLIL,CGASPASYEQYF,1
GDCEEEEFEPSTQYEY,CSARDLRRGPNFNNSPLHF,1
PLTFGWCYKL,CATSDLIGELFF,0
NSSTCMMCY,CALSEDGATNKLIF,0
PTDNYITTY,CASSLSTDSYEQYF,0
WESGVKDCVVLHSYFTSDYYQLYSTQLSTDTGVEHVTF,CASRDIQGRAEQYF,1
SSIEFARL,LCASRDWGVYAEQFFGPG,1
TLLALHRSYLTPGDSSSGWTAGAAAYYVGYLQPRTFLLKYNEN,CASSRLVSTDTQYF,1
ALASCMGLIY,CALSELYNQGGKLIF,0
RLQSLQTYV,ATSRDLGLYNEQF,1
RVAGDSGFAAY,CASSGTFGTSGNTDTQYF,0
TTDSWGKFEF,YLQPRTFLL,1
NQKLIANAF,CAVARASKLTF,1
NLLLQYGSFCTQLNRAL,CSAASGGDNQPQHF,1
ASSDAGGRNTLY,KAVANFATM,0
ILSRLDKVEAEVQIDRLITGRLQSLQTYVTQQLIRAAEIRASA,CASSLGMRRGTEYF,1
VAAGLEAPFLYLYALVYFLQSINFVRIIMRLWLCWKCR,CASSPWTQRKWYF,1
YADVFHLYL,CAMSGYWRTDSWGKLQF,1
RVAGDSGFAAY,CASSLSGGNEKLFF,0
VGGNYNYLYRLFRKSNLKP,ASSLSGGNNEQF,1
RPIIRPATL,CASSSVPDMNTEAFF,0
GQVMVVAPR,CAVLMEYGNKLVF,1
AEVQIDRLI,CASSSGTGAPEQYF,0
LPDDFTGCVIAWNSNNLDSKVGGNYNYLYRLFRKSNLKPFERD,CASSSYRENDYYEQYF,1
LLDQLIEEV,CSARGGLSDTQYF,1
SPSYVYHQF,CAVRGNYKPTF,1
GKTELLAPF,CAVRPSDSWGKLQF,1
SLQGRTLIL,CASIGLGGPTGQLYF,1
EELKKLLEQWNLVIGFLF,CASTPFSGGDTQYF,1
TSAMQTMLF,CASSYSVEAEAFF,0
YTVKYPNL,CASSPDSSYEQYF,1
SYQTQTNSPRRARSVA,CAISGGQREEPDTQYF,1
NQKLIANAF,CASSLEDTNYGYTF,1
SPSYVYHQF,CILRDSNYQLIW,1
ASPGLAGEYEQY,LPEPLPQGQATAY,0
LTHIDHIFMDILTTCVETM,ASSPFEAASTEAF,1
PTNGVGYQPYRVVVLSFELLHAPATVCGPKKSTNLVKNKCVNF,CASSFDQGLASNEQFF,1
PTNGVGYQPYRVVVLSFELLHAPATVCGPKKSTNLVKNKCVNF,CASSHPVTSDPTDTQYF,1
GFIKQYGDCLGDIAARDLICAQKFNGLTVLPPLLTDEMIAQYT,CASSQWGQPQHF,1
VYIGDPAQL,CASSQDRFGATAFF,0
SYQTQTNSPRRARSVA,CASCPPSSYEQYF,1
SYQTQTNSPRRARSVA,CASSISDWGNTDTQYF,1
VYIGDPAQL,CVVNDSWGKLQF,1
LPDDFTGCV,CLVGD,0
PPAYRPPNAPIL,SLQTYEQ,1
TPSVSSSISSL,CASSMSGATYEQYF,1
RTQSPRRR,CSARAGEDRETQYF,1
NYMPYFFTL,CASSLGPGQGYNEQFF,0
PTNGVGYQPYRVVVLSFELLHAPATVCGPKKSTNLVKNKCVNF,CASSVDIWRGQGTNEQFF,1
TVYGFCLL,CALTENYNQGKLIF,1
RQIAPGQTGKIADYNYKL,CASSYTGTTEETQYF,1
KLKDCVMYA,CASSMYTNQPQHF,0
WESGVKDCVVLHSYFTSDYYQLYSTQLSTDTGVEHVTF,CSARVQVNNYGYTF,1
NMIHFAPNV,CVVPLYSSASKIIF,1
PTDNYITTY,CASSLTRAGELFF,0
MEVTPSGTWL,TTDSWGKFEF,0
RLQSLQTYV,CVVNIEDRLMF,0
IMYNYPAM,LSTGDNYQLI,1
KINMPMSVK,CAIRNGTVTNEQYF,1
FEDLRVLSF,CAVLHGAGSYQLTF,1
SGPDNGAVAV,CALRTQVVGHLTF,1
VLQLPQGTTLPKGFYA,CATSDSRQGSYEQYF,1
ILSRLDKVEAEVQIDRLITGRLQSLQTYVTQQLIRAAEIRASA,CAAGVTGYREQYF,1
ASSRANYEQY,ISQAVHAAHAEINEAGR,0
PTDNYITTY,CASSFRSNSYEQYF,0
RTATKAYNV,CASSLSRAGGDSPLHF,0
SNVKNLYEKVRSQLKNNAK,AWSLRGANTGQLY,1
YTVKYPNL,CASSWTGANTEVFF,1
SNVKNLYEKVRSQLKNNAK,ASSDSSGNTLY,1
KYTSFPWL,CASSLGQGAPRGYGYTF,1
EELKKLLEQWNLVIGFLF,CASSYTGNTGELFF,1
VSDGGPNLY,CATSGRSGDTQYFG,1
SNVKNLYEKVRSQLKNNAK,ASSQDWGGAEQF,1
RTATKAYNV,CASTLRGVREQFF,0
TAFTIPSI,CATDDAGRRALTF,1
LTHIDHIFMDILTTCVETM,ASSWSGTNTGELF,1
KYTSFPWL,CATADYTGFQKLVF,1
AIMEKNIVL,CSVEDLGYGYTF,1
PLIELCVDEAGSKSPIQYIDIGNYTVSCLPFTINCQE,CASSSRGSPLHF,1
WESGVKDCVVLHSYFTSDYYQLYSTQLSTDTGVEHVTF,CASSQSASSYNEQFF,1
KAALDLSHF,CASSPRWGDAGELFF,1
FNGIGVTQNVLYENQKLIANQFNSAIGKIQDSLSSTASALGKL,CASSLASQSYNEQFF,1
YTVKYPNL,CASSPGTGEDTQYF,1
ARSVASQSIIAYTMSLGAENSVAYSNNSIAIPTNFTISVTTEI,CASSSQGDREGFYGYTF,1
VMHANYIFW,CASSPGTGSHPYNEQFF,0
RIRGGDGKM,CASSPTSGSRETQYF,0
KYTSFPWL,CALIYSSASKIIF,1
EELKKLLEQWNLVIGFLF,CASGDKMNTGELFF,1
LPRWYFYYL,CAALNQGGKLIF,1
ASSDAGGRNTLY,KAVFNFATM,0
DRFYKTLRAEQASQEV,CASSVGASGLTEQYF,1
LIDFYLCFL,CASSQVDPSGATSTDTQYF,1
LLDDFVEII,CASSAGESQETQYF,0
LIDFYLCFL,CAISDLGDTQYF,1
YLYALVYFL,CASVAAGELFF,1
LMIERFVSL,CASSGPSSGRPISYEQYF,0
WLLWPVTLA,CASSLLPTGPETQYF,1
