Group,protein_name,sequence,label
Brucella spp, B. abortus strain 19 L7/L12,MADLAKIVEDLSALTVLEAAELSKLLEEKWGVSAAAPVAVAAAGGAAPAAAAEEKTEFDVVLADGGANKINVIKEVRALTGLGLKEAKDLVEGAPKAVKEGASKDEAEKIKAQLEAAGAKVELK,1
Brucella spp, B. melitensis M5 P39,MAPVANAQEKQNVEVLHWWTSGGEASALEVLKKDLESKGISWTDMPVAGGGGTTEAMMTVLRARVTAGNAPTAVQMLGFDIRDWAEQGALGNLDTVASKEGWEKVIPAPLQEFAKYDGHWIAAPVNIHSTNWMWINKAALDKAGGKEPTNWDELIALLDNFKAQGITPIAHGGQPWQDATIFDAVVLSFGPDFYKKAFIDLDPEALGSDTMKQAFDRMSKLRTYVDDNFSGRDWNLASAMVIEGKAGVQFMGDWAKGEFLKAGKKPGEDFVCMRYPGTQGAVTFNSGMFAMFKVSEDKVPAQLEMASAIESPAFQSAFNVEKGSAPARTDVPDTAFDACGKKTIADVKEANSKGTLLGSMAHGYANPAAVKNAIYDVVTRQFNGQLSSEDAVKELVVAVEAAK,1
Brucella spp, BAB1_0278,MHWKSRSPLSEALPMFDKLTSPHEGFRLADLSRRQCKWPVNRAQAGELHLFCGEAVQNGHPYCEEHCGKAYTGKAGSR,1
Brucella spp,BCSP31,MKFGSKIRRLAVAAVAGAIALGASFAVAQAPTFFRIGTGGTAGTYYPIGGLIANAISGAGEKGVPGLVATAVSSNGSVANINAIKSGALESGFTQSDVAYWAYNGTGLYDGKGKVEDLRLLATLYPETIHIVARKDANIKSVADLKGKRVSLDEPGSGTIVDARIVLEAYGLTEDDIKAEHLKPGPAGERLKDGALDAYFFVGGYPTGAISELAISNGISLVPISGPEADKILEKYSFFSKDVVPAGAYKDVAETPTLAVAAQWVTSAKQPDDLIYNITKVLWNEDTRKALDAGHAKGKLIKLDSATSSLGIPLHPGAERFYKEAGVLK,1
Brucella spp, Bfr from B. abortus S19,MKGEPKVIERLNEALFLELGAVNQYWLHYRLLNDWGYTRLAKKEREESIEEMHHADKLIDRIIFLEGFPNLQTVSPLRIGQNVKEVLEADLKGEYDARASYKESREICDKLGDYVSKQLFDELLADEEGHIDFLETQLDLLAKIGGERYGQLNAAPADEAE,1
Brucella spp, Bfr from B. melitensis biovar Abortus 2308,MKGEPKVIERLNEALFLELGAVNQYWLHYRLLNDWGYTRLAKKEREESIEEMHHADKLIDRIIFLEGFPNLQTVSPLRIGQNVKEVLEADLKGEYDARASYKESREICDKLGDYVSKQLFDELLADEEGHIDFLETQLDLLAKIGGERYGQLNAAPADEAE,1
Brucella spp,cobB,MKGFMIAAPASGSGKTTVTLGLLRALKRRGEVLAPVKAGPDYIDPAYHRAASGVDCFNLDPWAMRPELISALSSRMTESGARVLVAEGMMGLFDGAIDGKGSSADLARLLDLPVVLVVDCARQSHSIAALVWGFSQFRKDVLIEGVILNRVGSPRHEAMLRGALAPLGVPVLGALPRDPALSLPERHLGLVQADEHAGLESFLEQAADVMEAHIDMDALQTIWLRPKRYDAMANVARLKPLGNRIAVARDDAFAFAYMHLFEGWRRRGAEISFFSPLADEAPKADADAIYLPGGYPELHAQRLAGASRFRTAIGDAAARGVTVYGECGGYMVLGKTLEDAAGVHHPMLGLLPLETSFARRKLHLGYRLLEPLGGLPWDMPLKAHEFHYASIVREEKADRLFRVRDASGENLGEAGLRVGSVSGSFMHVIDFSGEAA,1
Brucella spp, Gap,MAVRVAINGFGRIGRNILRAIVESGRTDIQVVAINDLGPVETNAHLLRYDSVHGRFPKEVEVAGDTIDVGYGPIKVHAVRNPAELPWKEENVDIALECTGIFTSRDKAALHLEAGAKRVIVSAPADGADLTVVYGVNNDKLTKDHLVISNASCTTNCLAPVAQVLNDTIGIEKGFMTTIHSYTGDQPTLDTMHKDLYRARAAALSMIPTSTGAAKAVGLVLPELKGKLDGVAIRVPTPNVSVVDLTFIAKRETTVEEVNNAIREAANGRLKGILGYTDEKLVSHDFNHDSHSSVFHTDQTKVMDGTMVRILSWYDNEWGFSSRMSDTAVALGKLI,1
Brucella spp, L7/L12,MADLAKIVEDLSALTVLEAAELSKLLEEKWGVSAAAPVAVAAAGGAAPAAAAEEKTEFDVVLADGGANKINVIKEVRALTGLGLKEAKDLVEGAPKAVKEGASKDEAEKIKAQLEAAGAKVELK,1
Brucella spp,omp16,MRRIQSIARSPIAIALFMSLAVAGCASKKNLPNNAGDLGLGAGAATPGSSQDFTVNVGDRIFFDLDSSLIRADAQQTLSKQAQWLQRYPQYSITIEGHADERGTREYNLALGQRRAAATRDFLASRGVPTNRMRTISYGNERPVAVCDADTCWSQNRRAVTVLNGAGR,1
Brucella spp,Omp25,MRTLKSLVIVSAALLPFSATAFAADAIQEQPPVPAPVEVAPQYSWAGGYTGLYLGYGWNKAKTSTVGSIKPDDWKAGAFAGWNFQQDQIVYGVEGDAGYSWAKKSKDGLEVKQGFEGSLRARVGYDLNPVMPYLTAGIAGSQIKLNNGLDDESKFRVGWTAGAGLEAKLTDNILGRVEYRYTQYGNKNYDLAGTTVRNKLDTQDFRVGIGYKF,1
Brucella spp,Omp31,MFSLKGTVMKTALLASVAMLFTSSAMAADIIVAEPAPVAVDTFSWTGGYIGINAGYAGGKFKHPFSGIEQDGAQDFSGSLDVTASGFVGGVQAGYNWQLANGLVLGGEADFQGSTVKSKLVDNGDLSDIGVAGNLSGDESFVLETKVQWFGTVRARLGFTPTERLMVYGTGGLAYGKVKTSLSAYDDGESFSAGNSKTKAGWTLGAGVEYAVTNNWTLKSEYLYTDLGKRSFNYIDEENVNINMENKVNFHTVRLGLNYKF,1
Brucella spp,ORF,MNQSCPNKTSFKIAFIQARWHADIVDEARKSFVAELAAKTGGSVEVEIFDVPGAYEIPLHAKTLARTGRYAAIVGAAFVIDGGIYRHDFVATAVINGMMQVQLETEVPVLSVVLTPHHFHESKEHHDFFHAHFKVKGVEAAHAALQIVSERSRIAALV,1
Brucella spp,P39 from Brucella abortus,MHKLLKLAAMGTAACALLAGMAPVANAQEKQNVEVLHWWTSGGEASALEVLKKDLESKGISWTDMPVAGGGGTEAMTVLRARVTAGNAPTAVQMLGFDIRDWAEQGALGNLDTVASKEGWEKVIPAPLQEFAKYDGHWIAAPVNIHSTNWMWINKAALDKAGGKEPTNWDELIALLDNFKAQGITPIAHGGQPWQDATIFDAVVLSFGPDFYKKAFIDLDPEALGSDTMKQAFDRMSKLRTYVDDNFSGRDWNLASAMVIEGKAGVQFMGDWAKGEFLKAGKKPGEDFVCMRYPGTQGAVTFNSDMFAMFKVSEDKVPAQLEMASAIESPAFQSAFNVVKGSAPARTDVPDTAFDACGKKAIADVKEANSKGTLLGSMAHGYANPAAVKNAIYDVVTRQFNGQLSSEDAVKELVAAVEAAK,1
Brucella spp,RplL,MADLAKIVEDLSALTVLEAAELSKLLEEKWGVSAAAPVAVAAAGGAAPAAAAEEKTEFDVVLADGGANKINVIKEVRALTGLGLKEAKDLVEGAPKAVKEGASKDEAEKIKAQLEAAGAKVELK,1
Brucella spp,SodC from B. abortus strain 2308,MKSLFIASTMVLMAFPAFAESTTVKMYEALPTGPGKEVGTVVISEAPGGLHFKVNMEKLTPGYHGFHVHENPSCAPGEKDGKIVPALAAGGHYDPGNTHHHLGPEGDGHMGDLPRLSANADGKVSETVVAPHLKKLAEIKQRSLMVHVGGDNYSDKPEPLGGGGARFACGVIE,1
Brucella spp, SurA,MMFARPLIASMLGAAVCLTALGTVAAPAFAAGESEVKVIVSGNAITNSDIKHRMAFLKLQRKSGNLNQLARNELTEEMLKRIEMKSRGINISDKEVDDAYAGFASRNKMTLAQLNQVMNQSGVTPEHFKKYIMVQMGWGRLVSARFRATGMVSEQEAVQRMLKNGGKKPVATEYHLQQVIFVVPASKRSPALLAKRRQEANALRARFQNCDSTRQQAKGILDVTVRDLGRIIEPQLPGEWSKDVKAAGVNRTTKPHDTEKGVEFLAVCSTRQVSDDRVAQLVFSMEGADSPAGQEKKAEELSKKYVQELREKATIVNR,1
Brucella spp,Tig,MTRSEGLNMQVTETLNEGLKREIKVVVPAGDLEAKLAERLETARGRARINGFRPGKVPTAHLRKMYGKSFMAEIVNEILNDSSRSILAERNEKSATQPEVIMSEDEKEAEKVLDGKADFVFSLNYEVLPAIEVKDFSKIAVTREVVDISDEEVDEQVKRIASSTRTFETKKGKAENEDRVTIDYLGKLDGEPFEGGADNDAQLVLGSGQFIPGFEEQLIGLKAGDEKVITVTFPAEYGAAHLAGKEATFDIKVKEVAKPNELVLDDETAKKLGIESLERLRQVVREQIESQYGQITRQKVKRQILDALDGDYQFETPQKLVDAEFNNIWQQINFDLQQAGRTFEDEETTEEAAREEYRKLAERRVRLGLVLSEIGEKAGVEVTEEELQRAVYDQVRRYPGQEKEIYDFLRRTPDAVANLRAPIFEEKVVDHLLANINVTDKKVSKEELTAEDEDAASEAKPAKKAAAKKKAAPKKKAEEGKSEEA,1
B. anthracis, Lef,MNIKKEFIKVISMSCLVTAITLSGPVFIPLVQGAGGHGDVGMHVKEKEKNKDENKRKDEERNKTQEEHLKEIMKHIVKIEVKGEEAVKKEAAEKLLEKVPSDVLEMYKAIGGKIYIVDGDITKHISLEALSEDKKKIKDIYGKDALLHEHYVYAKEGYEPVLVIQSSEDYVENTEKALNVYYEIGKILSRDILSKINQPYQKFLDVLNTIKNASDSDGQDLLFTNQLKEHPTDFSVEFLEQNSNEVQEVFAKAFAYYIEPQHRDVLQLYAPEAFNYMDKFNEQEINLSLEELKDQRMLARYEKWEKIKQHYQHWSDSLSEEGRGLLKKLQIPIEPKKDDIIHSLSQEEKELLKRIQIDSSDFLSTEEKEFLKKLQIDIRDSLSEEEKELLNRIQVDSSNPLSEKEKEFLKKLKLDIQPYDINQRLQDTGGLIDSPSINLDVRKQYKRDIQNIDALLHQSIGSTLYNKIYLYENMNINNLTATLGADLVDSTDNTKINRGIFNEFKKNFKYSISSNYMIVDINERPALDNERLKWRIQLSPDTRAGYLENGKLILQRNIGLEIKDVQIIKQSEKEYIRIDAKVVPKSKIDTKIQEAQLNINQEWNKALGLPKYTKLITFNVHNRYASNIVESAYLILNEWKNNIQSDLIKKVTNYLVDGNGRFVFTDITLPNIAEQYTHQDEIYEQVHSKGLYVPESRSILLHGPSKGVELRNDSEGFIHEFGHAVDDYAGYLLDKNQSDLVTNSKKFIDIFKEEGSNLTSYGRTNEAEFFAEAFRLMHSTDHAERLKVQKNAPKTFQFINDQIKFIINS,1
B. anthracis,Lef from B. anthracis str. A2012,MNIKKEFIKVISMSCLVTAITLSGPVFIPLVQGAGGHGDVGMHVKEKEKNKDENKRKDEERNKTQEEHLKEIMKHIVKIEVKGEEAVKKEAAEKLLEKVPSDVLEMYKAIGGKIYIVDGDITKHISLEALSEDKKKIKDIYGKDALLHEHYVYAKEGYEPVLVIQSSEDYVENTEKALNVYYEIGKILSRDILSKINQPYQKFLDVLNTIKNASDSDGQDLLFTNQLKEHPTDFSVEFLEQNSNEVQEVFAKAFAYYIEPQHRDVLQLYAPEAFNYMDKFNEQEINLSLEELKDQRMLARYEKWEKIKQHYQHWSDSLSEEGRGLLKKLQIPIEPKKDDIIHSLSQEEKELLKRIQIDSSDFLSTEEKEFLKKLQIDIRDSLSEEEKELLNRIQVDSSNPLSEKEKEFLKKLKLDIQPYDINQRLQDTGGLIDSPSINLDVRKQYKRDIQNIDALLHQSIGSTLYNKIYLYENMNINNLTATLGADLVDSTDNTKINRGIFNEFKKNFKYSISSNYMIVDINERPALDNERLKWRIQLSPDTRAGYLENGKLILQRNIGLEIKDVQIIKQSEKEYIRIDAKVVPKSKIDTKIQEAQLNINQEWNKALGLPKYTKLITFNVHNRYASNIVESAYLILNEWKNNIQSDLIKKVTNYLVDGNGRFVFTDITLPNIAEQYTHQDEIYEQVHSKGLYVPESRSILLHGPSKGVELRNDSEGFIHEFGHAVDDYAGYLLDKNQSDLVTNSKKFIDIFKEEGSNLTSYGRTNEAEFFAEAFRLMHSTDHAERLKVQKNAPKTFQFINDQIKFIINS,1
B. anthracis, NEAT,MIGDIILKKIYMKALVVATTLAIPFAAYSTPALAAIKIEANQSVAASDRTYDTEIKIYKDQKDEPSMVSQYIKDPKVAIVAGKKIVTVTMQDSDYFQYLRIEDRNQPGVFHDVKVLSEDKRKNGTKVIQFEIGEFEKKHNMQMHILIPAIGYDHKYQVQFEIKDPTVGDKETEKPDDNSNSGNTETDKPVDNQNMITDNKLRELVNKKVFNRKDVNTPITKEELLQVKNLFLNTNEILDYSALKYMPNLKSLTVANAKIKDPSFFANLKQLNHLALRGNEFSDVTPLVKMDHLDSLDLSNNKITNVAPLIEMKNVKSLYLSGNQIEDVTALAKMEQLDYLNLANNKITNVAPLSALKNVTYLTLAGNQIEDIKPLYSLPLTDLVLTRNKVKDLSGIEQMKQLEELWIGKNEIKDVTPLSKMTQLKQLHLPNNELKDITPLSSLVNLQKLDLEANYISDLTPASNLKKLVFLSFVANEIRDVRPVIELSKTAYINVQNQKVFLEETEVNKEVKVPIYEKDGKISTKIRLKDEGGTYSNDAVKWSTPGEKVYEFGVKDPFADTGIFFTGSVIQNVVESKADNISKEDNTSKEDAKVEVVEFKDVPKGHWSEEAIHYLAKENIFKGYGNGQFGFGDSITRGQVASLVQRYLKLENKVEQKERFTDTKGHMFEQDIATVAQAGIMQGDGTGEFRPDGVLTRYEMSVVLYKVFQLKEDGNNKVNFKDVPTGHWAEGYVKALVDNNISKGDGKERFLGDDFVTREQYAQFLYNAITK,1
B. anthracis,PA63-LAMP1,MPTVPDRDNDGIPDSLEVEGYTVDVKNKRTFLSPWISNIHEKKGLTKYKSSPEKWSTASDPYSDFEKVTGRIDKNVSPEARHPLVAAYPIVHVDMENIILSKNEDQSTQNTDSQTRTISKNTSTSRTHTSEVHGNAEVHASFFDIGGSVSAGFSNSNSSTVAIDHSLSLAGERTWAETMGLNTADTARLNANIRYVNTGTAPIYNVLPTTSLVLGKNQTLATIKAKENQLSQILAPNNYYPSKNLAPIALNAQDDFSSTPITMNYNQFLELEKTKQLRLDTDQVYGNIATYNFENGRVRVDTGSNWSEVLPQIQETTARIIFNGKDLNLVERRIAAVNPSDPLETTKPDMTLKEALKIAFGFNEPNGNLQYQGKDITEFDFNFDQQTSQNIKNQLAELNATNIYTVLDKIKLNAKMNILIRDKRFHYDRNNIAVGADESVVKEAHREVINSSTEGLLLNIDKDIRKISSGYIVEIEDTEGLKEVINDRYDMLNISSLRQDGKTFIDFKKYNDKLPLYISNPNYKVNVYAVTKENTIINPSENGDTSTNGIKKILIFSKKGYEIGGLNNMLIPIAVGGALAGLVLIVLIAYLIGRKRSHAGYQTI,1
B. anthracis,PA83,MDAMKRGLCCVLLLCGAVFVSPSEVKQENRLLNESESSSQGLLGYYFSDLNFQAPMVVTSSTTGDLSIPSSELENIPSENQYFQSAIWSGFIKVKKSDEYTFATSADNHVTMWVDDQEVINKASNSNKIRLEKGRLYQIKIQYQRENPTEKGLDFKLYWTDSQNKKEVISSDNLQLPELKQKSSNTSAGPTVPDRDNDGIPDSLEVEGYTVDVKNKRTFLSPWISNIHEKKGLTKYKSSPEKWSTASDPYSDFEKVTGRIDKNVSPEARHPLVAAYPIVHVDMENIILSKNEDQSTQNTDSETRTISKNTSTSRTHTSEVHGNAEVHASFFDIGGSVSAGFSNSNSSTVAIDHSLSLAGERTWAETMGLNTADTARLNANIRYVNTGTAPIYNVLPTTSLVLGKNQTLATIKAKENQLSQILAPNNYYPSKNLAPIALNAQDDFSSTPITMNYNQFLELEKTKQLRLDTDQVYGNIATYNFENGRVRVDTGSNWSEVLPQIQETTARIIFNGKDLNLVERRIAAVNPSDPLETTKPDMTLKEALKIAFGFNEPNGNLQYQGKDITEFDFNFDQQTSQNIKNQLAELNATNIYTVLDKIKLNAKMNILIRDKRFHYDRNNIAVGADESVVKEAHREVINSSTEGLLLNIDKDIRKILSGYIVEIEDTEGLKEVINDRYDMLNISSLRQDGKTFIDFKKYNDKLPLYISNPNYKVNVYAVTKENTIINPSENGDTSTNGIKKILIFSKKGYEIG,1
B. anthracis,pagA,MKKRKVLIPLMALSTILVSSTGNLEVIQAEVKQENRLLNESESSSQGLLGYYFSDLNFQAPMVVTSSTTGDLSIPSSELENIPSENQYFQSAIWSGFIKVKKSDEYTFATSADNHVTMWVDDQEVINKASNSNKIRLEKGRLYQIKIQYQRENPTEKGLDFKLYWTDSQNKKEVISSDNLQLPELKQKSSNSRKKRSTSAGPTVPDRDNDGIPDSLEVEGYTVDVKNKRTFLSPWISNIHEKKGLTKYKSSPEKWSTASDPYSDFEKVTGRIDKNVSPEARHPLVAAYPIVHVDMENIILSKNEDQSTQNTDSQTRTISKNTSTSRTHTSEVHGNAEVHASFFDIGGSVSAGFSNSNSSTVAIDHSLSLAGERTWAETMGLNTADTARLNANIRYVNTGTAPIYNVLPTTSLVLGKNQTLATIKAKENQLSQILAPNNYYPSKNLAPIALNAQDDFSSTPITMNYNQFLELEKTKQLRLDTDQVYGNIATYNFENGRVRVDTGSNWSEVLPQIQETTARIIFNGKDLNLVERRIAAVNPSDPLETTKPDMTLKEALKIAFGFNEPNGNLQYQGKDITEFDFNFDQQTSQNIKNQLAELNVTNIYTVLDKIKLNAKMNILIRDKRFHYDRNNIAVGADESVVKEAHREVINSSTEGLLLNIDKDIRKILSGYIVEIEDTEGLKEVINDRYDMLNISSLRQDGKTFIDFKKYNDKLPLYISNPNYKVNVYAVTKENTIINPSENGDTSTNGIKKILIFSKKGYEIG,1
B. anthracis, PagA from B. anthracis str. 'Ames Ancestor',MKKRKVLIPLMALSTILVSSTGNLEVIQAEVKQENRLLNESESSSQGLLGYYFSDLNFQAPMVVTSSTTGDLSIPSSELENIPSENQYFQSAIWSGFIKVKKSDEYTFATSADNHVTMWVDDQEVINKASNSNKIRLEKGRLYQIKIQYQRENPTEKGLDFKLYWTDSQNKKEVISSDNLQLPELKQKSSNSRKKRSTSAGPTVPDRDNDGIPDSLEVEGYTVDVKNKRTFLSPWISNIHEKKGLTKYKSSPEKWSTASDPYSDFEKVTGRIDKNVSPEARHPLVAAYPIVHVDMENIILSKNEDQSTQNTDSQTRTISKNTSTSRTHTSEVHGNAEVHASFFDIGGSVSAGFSNSNSSTVAIDHSLSLAGERTWAETMGLNTADTARLNANIRYVNTGTAPIYNVLPTTSLVLGKNQTLATIKAKENQLSQILAPNNYYPSKNLAPIALNAQDDFSSTPITMNYNQFLELEKTKQLRLDTDQVYGNIATYNFENGRVRVDTGSNWSEVLPQIQETTARIIFNGKDLNLVERRIAAVNPSDPLETTKPDMTLKEALKIAFGFNEPNGNLQYQGKDITEFDFNFDQQTSQNIKNQLAELNATNIYTVLDKIKLNAKMNILIRDKRFHYDRNNIAVGADESVVKEAHREVINSSTEGLLLNIDKDIRKILSGYIVEIEDTEGLKEVINDRYDMLNISSLRQDGKTFIDFKKYNDKLPLYISNPNYKVNVYAVTKENTIINPSENGDTSTNGIKKILIFSKKGYEIG,1
B. anthracis,S-layer protein,MKAITSFTLIGSILFGGNINSTQAESDLKKIVPDQMVPAFLDVPSNHWANVAINNLLKKEIIVGYGNNKFGLGDSVTREQVAAVIYRIKFPEKEVEAEAQNPYRDVNKSSTMFLDEILTLTKMGIFSGDEKGNFRPKSPISRAEMTQVIKNAFNIPVVGKHNFRDVAKDYWANDAISALQSNQLVSGTGNGLFEPYKSVTREEYAQFIFNVLNFEDLVNKEKQLDELNKRRDVINQKIDEFDKLNSQRKDLERMLEELNQKLSQLKQQSPQLQDLKNKLKESQSRLLELNKKDSNRLELNSEIKKLNDRKAELLSLIMELIKQQSEFDKKIKNEKDDLNKKREDLINRIAESKELAKKKAELNTKLVELFKVQEALNKKSGQYLYYINKLDNELRELADKYKNSDNKISRLKNHIGEYNKQLEKIENELEECNKKIDNTKKQLAEFDKSNKKQQELESELVQLNKKIDELGKRHKHRQELEASQKKALDEAKEINKKLAEKDPERQHINDKLKKLNNDWRLTNNELNRLNSELQKVNTKLLGYSQEHQYYNALNKERTELSKKVDEIYQKQSEIDKNYIELNRQLDELSNPKPNEQVQLLKNQINELNSSINQILNHRKNEINNITQRKDHIIDQLNQFPKLRIPNS,1
B. anthracis,TPA-PA63,MDAMKRGLCCVLLLCGAVFVSPSMPTVPDRDNDGIPDSLEVEGYTVDVKNKRTFLSPWISNIHEKKGLTKYKSSPEKWSTASDPYSDFEKVTGRIDKNVSPEARHPLVAAYPIVHVDMENIILSKNEDQSTQNTDSQTRTISKNTSTSRTHTSEVHGNAEVHASFFDIGGSVSAGFSNSNSSTVAIDHSLSLAGERTWAETMGLNTADTARLNANIRYVNTGTAPIYNVLPTTSLVLGKNQTLATIKAKENQLSQILAPNNYYPSKNLAPIALNAQDDFSSTPITMNYNQFLELEKTKQLRLDTDQVYGNIATYNFENGRVRVDTGSNWSEVLPQIQETTARIIFNGKDLNLVERRIAAVNPSDPLETTKPDMTLKEALKIAFGFNEPNGNLQYQGKDITEFDFNFDQQTSQNIKNQLAELNATNIYTVLDKIKLNAKMNILIRDKRFHYDRNNIAVGADESVVKEAHREVINSSTEGLLLNIDKDIRKILSGYIVEIEDTEGLKEVINDRYDMLNISSLRQDGKTFIDFKKYNDKLPLYISNPNYKVNVYAVTKENTIINPSENGDTSTNGIKKILIFSKKGYEIG,1
B. anthracis,TPA-PA63-LAMP1,MDAMKRGLCCVLLLCGAVFVSPSMPTVPDRDNDGIPDSLEVEGYTVDVKNKRTFLSPWISNIHEKKGLTKYKSSPEKWSTASDPYSDFEKVTGRIDKNVSPEARHPLVAAYPIVHVDMENIILSKNEDQSTQNTDSQTRTISKNTSTSRTHTSEVHGNAEVHASFFDIGGSVSAGFSNSNSSTVAIDHSLSLAGERTWAETMGLNTADTARLDANIRYVNTGTAPIYNVLPTTSLVLGKNQTLATIKAKENQLSQILAPNNYYPSKNLAPIALNAQDDFSSTPITMNYNQFLELEKTKQLRLDTDQVYGNIATYNFENGRVRVDTGSNWSEVLPQIQETTARIIFNGKDLNLVERRIAAVNPSDPLETTKPDMTLKEALKIAFGFNEPNGNLQYQGKDITEFDFNFDQQTSQNIKNQLAELNATNIYTVLDKIKLNAKMNILIRDKRFHYDRNNIAVGADESVVKEAHREVINSSTEGLLLNIDKDIRKILSGYIVEIEDTEGLKEVINDRYDMLNISSLRQDGKTFIDFKKYNDKLPLYISNPNYKVNVYAVTKENTIINPSENGDTSTNGIKKILIFSKKGYEIGGLNNMLIPIAVGGALAGLVLIVLIAYLIGRKRSHAGYQTI,1
E. coli,C0393,MNKIYALKYCYITNTVKVVSELARRVCKGSTRRGKRLSVLTSLALSALLPTVAGASTVGGNNPYQTYRDFAENKGQFQAGATNIPIFNNKGELVGHLDKAPMVDFSSVNVSSNPGVATLINPQYIASVKHNKGYQSVSFGDGQNSYHIVDRNEHSSSDLHTPRLDKLVTEVAPATVTSSSTADILNPSKYSAFYRAGSGSQYIQDSQGKRHWVTGGYGYLTGGILPTSFFYHGSDGIQLYMGGNIHDHSILPSFGEAGDSGSPLFGWNTAKGQWELVGVYSGVGGGTNLIYSLIPQSFLSQIYSEDNDAPVFFNASSGAPLQWKFDSSTGTGSLKQGSDEYAMHGQKGSDLNAGKNLTFLGHNGQIDLENSVTQGAGSLTFTDDYTVTTSNGSTWTGAGIIVDKDASVNWQVNGVKGDNLHKIGEGTLVVQGTGVNEGGLKVGDGTVVLNQQADSSGHVQAFSSVNIASGRPTVVLADNQQVNPDNISWGYRGGVLDVNGNDLTFHKLNAADYGATLGNSSDKTANITLDYQTRPADVKVNEWSSSNRGTVGSLYIYNNPYTHTVDYFILKTSSYGWFPTGQVSNEHWEYVGHDQNSAQALLANRINNKGYLYHGKLLGNINFSNKATPGTTGALVMDGSANMSGTFTQENGRLTIQGHPVIHASTSQSIANTVSSLGDNSVLTQPTSFTQDDWENRTFSFGSLVLKDTDFGLGRNATLNTTIQADNSSVTLGDSRVFIDKKDGQGTAFTLEEGTSVATKDADKSVFNGTVNLDNQSVLNINEIFNGGIQANNSTVNISSDSAVLENSTLTSTALNLNKGANVLASQSFVSDGPVNISDATLSLNSRPDEVSHTLLPVYDYAGSWNLKGDDARLNVGPYSMLSGNINVQDKGTVTLGGEGELSPDLTLQNQMLYSLFNGYRNTWSGSLNAPDATVSMTDTQWSMNGNSTAGNMKLNRTIVGFNGGTSSFTTLTTDNLDAVQSAFVMRTDLNKADKLVINKSATGHDNSIWVNFLKKPSDKDTLDIPLVSAPEATADNLFRASTRVVGFSDVTPTLSVRKEDGKKEWVLDGYQVARNDGQGKAAATFMHISYNNFITEVNNLNKRMGDLRDINGEAGTWVRLLNGSGSADGGFTDHYTLLQMGADRKHELGSMDLFTGVMATYTDTDASAGLYSGKTKSWGGGFYASGLFRSGAYFDLIAKYIHNENKYDLNFAGAGKQNFRSHSLYAGAEVGYRYHLTDTTFVEPQAELVWGRLQGQTFNWNDSGMDVSMRRNSVNPLVGRTGVVSGKTFSGKDWSLTARAGLHYEFDLTDSADVHLKDAAGEHQINGRKDGRMLYGVGLNARFGDNTRLGLEVERSAFGKYNTDDAINANIRYSF,1
E. coli,C4424,MNKIFKVIWNPATGSYTVASETAKSRGKKSGRSKLLISALVAGGLLSSFGASADNYTGQPTDYGDGSAGDGWVAIGKGAKANTFMNTSGASTALGYDAIAEGEYSSAIGSKTLATGGASMAFGVSAKAMGDRSVALGASSVANGDRSMAFGRYAKTNGFTSLAIGDSSLADGEKTIALGNTAKAYEIMSIALGDNANASKEYAMALGASSKAGGADSLAFGRKSTANSTGSLAIGADSSSSNDNAIAIGNKTQALGVNSMALGNASQASGESSIALGNTSEASEQNAIALGQGSIASKVNSIALGSNSLSSGENAIALGEGSAAGGSNSLAFGSQSRANGNDSVAIGVGAAAATDNSVAIGAGSTTDASNTVSVGNSATKRKIVNMAAGAISNTSTDAINGSQLYTISDSVAKRLGGGATVGSDGTVTAVSYALRSGTYNNVGDALSGIDNNTLQWNKTAGAFSANHGANATNKITNVAKGTVSATSTDVVNGSQLYDLQQDALLWNGTAFSAAHGTEATSKITNVTAGNLTAGSTDAVNGSQLKTTNDNVTTNTTNIATNTTNITNLTDAVNGLGDDSLLWNKAAGAFSAAHGTEATSKITNVTAGNLTAGSTDAVNGSQLKTTNDNVTTNTTNIATNTTNITNLTDAVNGLGDDSLLWNKTAGAFSAAHGTDATSKITNVTAGNLTAGSTDAVNGSQLKTTNDNVTTNTTNIATNTTNITNLTDAVNGLGDDSLLWNKTAGAFSAAHGTDATSKITNVKAGDLTAGSTDAVNGSQLKTTNDNVSTNTTNITNLTDAVNGLGDDSLLWNKTAGAFSAAHGTDATSKITNVKAGDLTAGSTDAVNGSQLKTTNDNVSTNTTNITNLTDSVGDLKDDSLLWNKAAGAFSAAHGTEATSKITNLLAGKISSNSTDAINGSQLYGVADSFTSYLGGGADISDTGVLSGPTYTIGGTDYTNVGDALAAINTSFSTSLGDALLWDATAGKFSAKHGINNAPSVITDVANGAVSSTSSDAINGSQLYGVSDYIADALGGNAVVNTDGSITTPTYAIAGGSYNNVGDALEAIDTTLDDALLWDTTANGGNGAFSAAHGKDKTASVITNVANGAVSATSNDAINGSQLYSTNKYIADALGGDAEVNADGTITAPTYTIANTDYNNVGEALDALDNNALLWDEDAGAYNASHDGNASKITNVAAGDLSTTSTDAVNGSQLNATNILVTQNSQMINQLAGNTSETYIEENGAGINYVRTNDSGLAFNDASASGIGATAVGYNAVASHASSVAIGQDSISEVDTGIALGSSSVSSRVIVKGTRNTSVSEEGVVIGYDTTDGELLGALSIGDDGKYRQIINVADGSEAHDAVTVRQLQNAIGAVATTPTKYYHANSTAEDSLAVGEDSLAMGAKTIVNGNAGIGIGLNTLVLADAINGIAIGSNARANHADSIAMGNGSQTTRGAQTNYTAYNMDAPQNSVGEFSVGSEDGQRQITNVAAGSADTDAVNVGQLKVTDAQVSQNTQSITNLNTQVTNLDTRVTNIENGIGDIVTTGSTKYFKTNTDGADANAQGKDSVAIGSGSIAAADNSVALGTGSVADEENTISVGSSTNQRRITNVAAGVNATDAVNVSQLKSSEAGGVRYDTKADGSIDYSNITLGGGNSGTTRISNVSAGVNNNDAVNYAQLKQSVQETKQYTDQRMVEMDNKLSKTESKLSGGIASAMAMTGLPQAYTPGASMASIGGGTYNGESAVALGVSMVSANGRWVYKLQGSTNSQGEYSAALGAGIQW,1
E. coli,CS1,MKKVFAKSLLVAAMFSVAGSALAVQKDITVTANVDAALDMTQTDNTALPKAVEMQYLPGQGLQSYQLMTKIWSNDTTKDVKMQLVSPAQLVQSVDASKIVPLTVTWGGEVIAADAATTFTATKIFASDALTNGSLAKPLMFSQATKGVLETGIYRGVVSIYLSQAL,1
E. coli,cssA,MKKTIGLILILASFGSHARTEIATKNFPVSTTISKSFFAPEPQIQPSFGKNVGKEGGLLFSVSLTVPENVSQVTVYPVYDEDYGLGRLVNTADDSQSIIYQIVDDKGRKMLKDHGAEVTPNQQITFRALNYTSGDKEIPPGIYNDQVMVGYYVN,1
E. coli, eae,MITHGFYARTRHKHKLKKTFIMLSAGLGLFFYVNQNSFANGENYFKLSSDSKLLTQNAAQDRLFYTLKTGETVANISKSQGISLSVIWSLNKHLYSSESEMMKAGPGQQIILPLKKLSVEYSALPVLGSAPVVAAGGVAGHTNKMTKMSPDATKSNTTDDKALNYAAQQAASLGSQLQSRSLNGDYAKDTALGMASSQASSQLQAWLQHYGTAEVNLQSGNNFDGSSLDFLLPFYDSENMLAFGQVGARYIDSRFTANLGAGQRFFLPENMLGYNVFIDQDFSGDNTRLGIGGEYWRDYFKSSVNGYFRMSGWHESYNKKDYDERPANGFDIRFNGYLPSYPALGAKLMYEQYYGDNVALFNSDKLQSNPGAATVGVNYTPIPLVTMGIDYRHGTGNENDLLYSMQFRYQFDKPWSQQIEPQYVNELRTLSGSRYDLVQRNNNIILEYKKQDILSLNIPHDINGTEHSTQKIQLIVKSKYGLDRIVWDDSALRSQGGQIQHGGSQSAQDYQAILPAYVQGGSNIYKVTARAYDRNGNSSNNVQLTITVLPNGQVVDQVGVTDFTADKTSAKADGIEAITYTATVKKNGVAQANVPVTFSIVSGTATLGANSARTDGNGKATVTLKSATLGQVVVSAKTAEMTSPLNASAVIFVDQTKASITEIKADKTTAKADGSDAITYTVRVMKEGAPVVDQKVTFSKDFGTLNKTEATTDQNGYATVKLSSNTPGKAIVSAKVSGVGTEVKATTVEFFAPLSIDGDKVTVIGTGITGALPKNWLQYGQVKLQATGGNGKYTWKSSNTKIASVDNSGVITLNEKGSATITVVSGDNQSATYTINAPGSIVIAVDKNTRVTYFDAENKCKTNSANLAQSKELLANIYSTWGAANKYPYYSGSNSLTAWIKQSSSEQSSGVSSTYDLVTKNQLINVGVNNKNAFSVCVK,1
E. coli,efa1,MRLPEKVLFPPVTSGLSGQEKQKKPKSITGFQENYQRNIRPIKTASEARLRFFDKMVSKENSLEDVVSLGEMIQKEIYGHEQRTFSPVHHTGNWKSSLLHNALLGLANVYNGLRETEYPNTFNRDGIKSTNSFRDNLLTKTRTPRDNFEEGIKHPEHATIPYDNDNESNKLLKAGKIAGNNNELLMEIKKESQSDHQIPLSDKFLKRKKRSPVAEDKVQNSLTPENFVQKISLSDELKTKYANEILEIKRIMGEYNLLPDKNSRNGLKLLQKQADLLKIIMEDTSVTENTFKNIEMAIADIKREYYSHTVDIEKNIHAIWVAGSPPESISDYIKTFLKTYKEFTYYLWVDEKAFGAAKFTSVLKQIAFDLACRTIQQNTPQKNIDFINLYNEIRKKYNNNPSGQQEYLNKLRELYATYQKISTPLKHMFNSFF,1
E. coli,eltB,MNKVKCYVLFTALLSSLYAHGAPQTITELCSEYRNTQIYTINDKILSYTESMAGKREMVIITFKSGETFQVEVPGSQHIDSQKKAIERMKDTLRITYLTETKIDKLCVWNNKTPNSIAAISMKN,1
E. coli,espA,MFSYMYQAQSNLSIAKFADMNEASKASTTAQKMANLVDAKIADVQSSTDKNAKAKLPQDVIDYINDPRNDISVTGIRDLSGDLSAGDLQTVKAAISAKANNLTTVVNNSQLEIQQMSNTLNLLTSARSDVQSLQYRTISAISLGK,1
E. coli,espB,MLEIQKLLGKMVTLLQDYQQKQLAQSYQIQQAVFESQNKAIEEKKAAATAALVGGIISSALGILGSFAAMNNAAKGAGEIAEKASSASSKAAGAASEVANKALVKATESVADVAEEASSAMQKAMATTTKAASRASGVADDVAKASDFAEDLADAAEKTSRINKLLNSVDKLTNTTAFVAVTSLAEGTKTLPTTISESVKSTHEVNEQRAKSLENFQQGNLELYKQDVRRTQDDITTRLRDITSAVRDLLEVQNRMGQSGRLAG,1
E. coli, etpA,MNRIYKLKFDKRRNELVVVSEITTGVGNAKATGSVEGEKSPRRGVRAMALSLLSGMMIMAHPAMSANLPTGGQIVAGSGSIQTPSGNQMNIHQNSQNMVANWNSFDIGKGNTVQFDQPSSSAVALNRVVGGGESQIMGNLKANGQVFLVNPNGVLFGEGASVSTSGFVASTRDIKNDDFMNRRYTFSGGQKAGAAIVNQGELTTNAGGYIVLAADRVSNSGTIRTPGGKTVLAASERITLQLDNGGLMSVQVTGDVVNALVENRGLVSARDGQVYLTALGRGMLMNTVLNVSGVVEASGMHRQDGNIVLDGGDSGVVHLSGTLQADNASGQGGKVVVQGKNILLDKGSNITATGGQGGGEVYVGGGWQGKDSNIRNADKVVMQGGARIDVSATQQGNGGTAVLWSDSYTNFHGQISAKGGETGGNGGRVETSSHGNLQAFGTVSASAKKGKAGNWLLDSADITIVNGSNVSKTETTQSPPHTQFAPTAAGSAVSNTSINNRLNNGTSVTILTHRTRTGTAQGGNITVNAAINKSNGSDVNLTLQAGGNITVNNSITSTEGKLNVNLSGARTSNGSITISNNANITTNGGDITVGTTNTSNRVNISINNTTLNASNGNIQLTGTGTDSGILFAGNNRLTASNIALTGNSTSGNAINLTGTATLNATNNITLTGSSTSGNAINLKGNNTLTASNITLTGESTSGNAINLTDTTGTTTLNATNNITMQGTRVQIKHSNITAGNFALNATVAGSEISNTTLTATNNINLAAKTNSASSGVYLKDARITSTNGSITANGTATANGKATHLDGNVTLNASNGRIKLTGNGHGSASGILFAGNNRLTASNIALTGNSTSGNAINLTGTATLNATNDITLTGSSTSGNAINLTGTATLNATNNITLTGSSTSGNAINLKGNNTLTASNITLTGESTSGNAINLTDTTGTTTLNATNNITMQGTRVQIKHSNITAGNFALNATVAGSEISNTTLTATNNINLAAKTNSASSGVYLKDARITSTNGSITANGTATANGKATHLDGNVTLNASNGRIKLTGNGHGSASGILFAGNNRLTASNIALTGNSTSGNAINLTGTATLNATNDITLTGSSTSGNAINLTGTATLNATNNITLTGSSTSGNAINLKGNNTLTASNITLTGESTSGNAINLTDTTGTTTLNATNNITMQGTRVQIKHSNITAGNFALNATVAGSEISNTTLTATNNINLAAKTNSASSGVYLKDARITSTNGSITANGTATANGKATHLDGNVTLNASNGRIKLTGNGHGSASGILFAGNNRLTASNIALTGNSTSGNAINLTGTATLNATNDITLTGSSTSGNAINLTGTATLNATNNITLTGSSTSGNAINLKGNNTLTASNITLTGESTSGNAINLTDTTGTTTLNATNNITMQGTRVQIKHSNITAGNFALNATVAGSEISNTTLTATNNINLAAKTNSASSGVYLKDARITSTNGSITTNGTATANGKATHLDGNVTLNASNGRIKLTGNGHGSASGILFAGNNRLTASNIALTGNSTSGNAINLTGTATLNATNDITLTGSSTSGNAINLTGTATLNATNNITLTGSSTSGNAINLKGNNTLTASNITLTGESTSGNAINLTDTTGTTTLNATNNITMQGTRVQIKHSNITAGNFALNATVAGSEISNTTLTATNNINLAAKTNSASSGVYLKDARITSTNGSITANGTAPANDNATYLDGNVTLNASNGSIKLTGNGNGSTSGILFAGNNTLTASNITLTGNSEVYWQ,1
E. coli,etsC,MKILSSLTLCLITALCSGCTNVLKSDYRAPEVNYPINWTKGDVDGNTSPFDWEEFNDPNLDNWLHLVMTSNNDIAIAALRIHRAQLDAERTGITNTPALKAALSMDGKKQLNNSSGWAKSGSASLGTSYELDLWGKIARQRDVAEWAVHASEEDFRSARLMLLSEASNNYWRIGFVNQQITTLQQSIDYAKETLRLAEVRYRAGNISSLDVIDAQQNLLTQENQLTGLQREHSQLLNQQAVLLGTVPGCQIVEPTTLPKGSLPKVNANIPASILMRRPDISAKEWQLREALATVDIKRSEYYPTFNLTGALGTSSASLLALLHNPVGSVGANLTLPFLEWRQRDIEVKIARNDYEQRVLEFKQLLYKAMSSIEDALSFRNQLLLQETRLREELELARKSEWLNEVRYRHGAVRISFWLDAQEKRRQAELRLDENRFNQLQNLAKIYLEFGGASTFP,1
E. coli,faeG,MKKTLIALAIAASAASGMAHAWMTGDFNGSVDIGGTITADDYRQKWEWEVGTGLNGFGNVLNDLTNGGTKLTITVTGNKPILLGRTKEAFATPVIGGVDGIPQIAFTDYEGASVELRKPDGGTNKGLAYFVLPMKNAGGTKVGSVKVNASYAGVLGRGGVTSADGELLSLFADGLSSIFYGGLPRGSELSAGSAAAARTKLFGSLSRDDILGQIQRVNANITSLVDVAGSYRENMEYTDGTVVSAAYALGIANGQTIEATFNQAVTTSTQWSAPLNVAITYY,1
E. coli, FdeC,MSRYKTDNKQPRFRYSVLARCVAWANISVQVLFPLAVTFTPVMAARAQHAVQPRLSMENTTVTADNNVEKNVASLAANAGTFLSSQPDSDATRNFITGMATAKANQEIQEWLGKYGTARVKLNVDKNFSLKDSSLEMLYPIYDTPTNMLFTQGAIHRTDDRTQSNIGFGWRHFSENDWMAGVNTFIDHDLSRSHTRIGVGAEYWRDYLKLSANGYIRASGWKKSPDVEDYQERPANGWDIRAEGYLPAWPQLGASLMYEQYYGDEVGLFGKDKRQKDPHAITAEVNYTPVPLLTLSAGHKQGKSGENDTRFGLEVNYRIGEPLEKQLDTDSIRERRMLAGSRYDLVERNNNIVLEYRKSEVIRIALPERIEGKGGQTVSLGLVVSKATHGLKNVQWEAPSLLAAGGKITGQGNQWQVTLPAYQAGKDNYYAISAIAYDNKGNASKRVQTEVVISGAGMSADRTALTLDGQSRIQMLANGNEQKPLVLSLRDAEGQPVTGMKDQIKTELTFKPAGNIVTRTLKATKSQAKPTLGEFTETEAGVYQSVFTTGTQSGEATITVSVDDMSKTVTAELRATMMDVSNSTLSANEPSGDVVADGQQAYTLTLTAVDSEGNPVTGEASRLRLVPQDTNGVTVGAISEIKPGVYSATVSSTRAGNVVVRAFSEQYQLGTLQQTLKFVAGPLDAAHSSITLNPDKPVVGGTVTAIWTAKDANDNPVTGLNPDAPSLSGAAAAGSTASGWTDNGDGTWTAQISLGTTAGELDVMPKLNGQDAAANAAKVTVVADALSSNQSKVSVAEDHVKAGESTTVTLVAKDAHGNAISGLSLSASLTGTASEGATVSSWTEKGDGSYVATLTTGGKTGELRVMPLFNGQPAATEAAQLTVIAGEMSSANSTLVADNKTPTVKTTTELTFTMKDAYGNPVTGLKPDAPVFSGAASTGSERPSAGNWTEKGNGVYVSTLTLGSAAGQLSVMPRVNGQNAVAQPLVLNVAGDASKAEIRDMTVKVNNQLANGQSANQITLTVVDSYGNPLQGQEVTLTLPQGVTSKTGNTVTTNAAGKVDIELMSTVAGELEIEASVKNSQKTVKVKFKADFSTGQASLEVDAAAQKVANGKDAFTLTATVKDQYGNLLPGAVVVFNLPRGVKPLADGNIMVNADKEGKAELKVVSVTAGTYEITASAGNDQPSNAQSVTFVADKTTATISSIEVIGNRAVADGKTKQTYKVTVTDANNNLLKDSEVTLTASPENLVLTPNGTATTNEQGQAIFTATTTVAATYTLTAKVEQADGQESTKTAESKFVADDKNAVLAASPERVDSLVADGKTTATLTVTLMSGVNPVGGTMWVDIEAPEGVTEADYQFLPSKNDHFASGKITRTFSTNKPGTYTFTFNSLTYGGYEMKPVTVTINAVPADTEGAEEK,1
E. coli,fedA,MKRLVFISFVALSMTAGSAMAQQGDVKFFGSVSATTCNLTPQISGTVGDTIQLGTVTPNGIGSEIPFALKASSTTGGCASLSNKTADITWSGQLTEKGFANQGGVARDSYVALKTVNGKTQPAQEVKASNSTVNFDASKATTEGFKFTAQLKGGQTPGDFQGAAAYAVTYK,1
E. coli,fedF,MRLKYILIIPLLLISLSVFASTLQVDKSVSYDWINSSASSAQVTGTLLGTGKTNTTQMPALYTWQHQIYNVNFIPSSSGTLTCQAGTILVWKNGRETQYALECRVSIHHSSGSINESQWGQQSQVGFGTACGNKKCRFTGFEISLRIPPNAQTYPLSSGDLKGSFSLTNKEVNWSASIYVPAIAKSYRLDTSITLPDTVNLKQNQATPVYYTFSAPSVSNTITGIPNQNDMPSSNVKLTIGPIQSKTTALYVQPDATGSWYDLSKSITMTVVKSSMLNFKGINAKPGNVTLSVPIVFEIQ,1
E. coli, fimH,MKRVITLFAVLLMGWSVNAWSFACKTANGTAIPIGGGSANVYVNLAPAVNVGQNLVVDLSTQIFCHNDYPETITDYVTLQRGSAYGGVLSNFSGTVKYSGSSYPFPTTSETPRVVYNSRTDKPWPVALYLTPVSSAGGVAIKAGSLIAVLILRQTNNYNSDDFQFVWNIYANNDVVVPTGGCDVSARDVTVTLPDYPGSVPIPLTVYCAKSQNLGYYLSGTTADAGNSIFTNTASFSPAQGVGVQLTRNGTIIPANNTVSLGAVGTSAVSLGLTANYARTGGQVTAGNVKSIIGVTFVYQ,1
E. coli, FimH from E. coli str. K-12 substr. MG1655,MKRVITLFAVLLMGWSVNAWSFACKTANGTAIPIGGGSANVYVNLAPVVNVGQNLVVDLSTQIFCHNDYPETITDYVTLQRGSAYGGVLSNFSGTVKYSGSSYPFPTTSETPRVVYNSRTDKPWPVALYLTPVSSAGGVAIKAGSLIAVLILRQTNNYNSDDFQFVWNIYANNDVVVPTGGCDVSARDVTVTLPDYPGSVPIPLTVYCAKSQNLGYYLSGTTADAGNSIFTNTASFSPAQGVGVQLTRNGTIIPANNTVSLGAVGTSAVSLGLTANYARTGGQVTAGNVQSIIGVTFVYQ,1
E. coli,FimH/MrpH fusion protein,MKRVITLFAVLLMGWSVNAWSFACKTANGTAIPIGGGSANVYVNLAPAVNVGQNLVVDLSTQIFCHNDYPETITDYVTLQRGSAYGGVLSNFSGTVKYSGSSYPFPTTSETPRVVYNSRTDKPWPVALYLTPVSSAGGVAIKAGSLIAVLILRQTNNYNSDDFQFVWNIYANNDVVVPTGGCDVSARDVTVTLPDYPGSVPIPLTVYCAKSQNLGYYLSGTTADAGNSIFTNTASFSPAQGVGVQLTRNGTIIPANNTVSLGAVGTSAVSLGLTANYARTGGQVTAGNVKSIIGVTFVYQMFIFKRFPAIFILIAGLFSAPAMASIFSYITESTGTPSNATYTYVIERWDPETSGILNPCYGWPVCYVTVNHKHTVNGTGGNPAFQIARIEKLRTLAEVRDVVLKNRSFPIEGQTTHRGPSLNSNQECVGLFYQPNSSGISPRGKLLPGSLCGIAPPPVGACKISEGAVNLNYGDIDEASLSGAKRSETINVTCNLAMKVLVIASGSDSGRVPLRADKSLYADLYLNNYPGEKGVTVNVPAGGSAPVSVSSTLRTNGRVAPGRFSGSGSIILTMP,1
E. coli, fliC,MAQVINTNSLSLITQNNINKNQSALSSSIERLSSGLRINSAKDDAAGQAIANRFTSNIKGLTQAARNANDGISVAQTTEGALSEINNNLQRVRELTVQATTGTNSQSDLDSIQDEIKSRLDEIDRVSGQTQFNGVNVLAKDGSMKIQVGANDGQTITIDLKKIDSSTLNLTGFNVNGSGSVANTAATKADLTAAQLSAPGAADANGTVTYTVSAGYKESTAADVIASIKDGSAPTSAITATINNGFGDSSALTSNDYTYDPAKGDFTYDVASSANNTAAQVQSFLTPKAGDTANLKVTVGTTSVDVVLASDGKITAKDGSALYIDSTGNLTQNSAGLTSAKLATLTGLQGSGVASTITTEDGTNIDIAANGNIGLTGVRISADSLQSATKSTGFTVGTGATGLTVGTDGKVTIGGTTAQSYTSKDGSLTTDNTTKLYLQKDGSVTNGSGKAVYVEADGDFTTDAATKAATTTDPLKALDEAISQIDKFRSSLGAIQNRLDSAVTNLNNTTTNLSEAQSRIQDADYATEVSNMSKAQIIQQAGNSVLAKANQVPQQVLSLLQGP,1
E. coli, flu,MKRHLNTCYRLVWNHMTGAFVVASELARARGKRGGVAVALSLAAVTSLPVLAADIVVHPGETVNGGTLANHDNQIVFGTTNGMTISTGLEYGPDNEANTGGQWVQDGGTANKTTVTSGGLQRVNPGGSVSDTVISAGGGQSLQGRAVNTTLNGGEQWMHEGAIATGTVINDKGWQVVKPGTVATDTVVNTGAEGGPDAENGDTGQFVRGDAVRTTINKNGRQIVRAEGTANTTVVYAGGDQTVHGHALDTTLNGGYQYVHNGGTASDTVVNSDGWQIVKNGGVAGNTTVNQKGRLQVDAGGTATNVTLKQGGALVTSTAATVTGINRLGAFSVVEGKADNVVLENGGRLDVLTGHTATNTRVDDGGTLDVRNGGTATTVSMGNGGVLLADSGAAVSGTRSDGKAFSIGGGQADALMLEKGSSFTLNAGDTATDTTVNGGLFTARGGTLAGTTTLNNGAILTLSGKTVNNDTLTIREGDALLQGGSLTGNGSVEKSGSGTLTVSNTTLTQKAVNLNEGTLTLNDSTVTTDVIAQRGTALKLTGSTVLNGAIDPTNVTLASGATWNIPDNATVQSVVDDLSHAGQIHFTSTRTGKFVPATLKVKNLNGQNGTISLRVRPDMAQNNADRLVIDGGRATGKTILNLVNAGNSASGLATSGKGIQVVEAINGATTEEGAFVQGNRLQAGAFNYSLNRDSDESWYLRSENAYRAEVPLYASMLTQAMDYDRIVAGSRSHQTGVNGENNSVRLSIQGGHLGHDNNGGIARGATPESSGSYGFVRLEGDLMRTEVAGMSVTAGVYGAAGHSSVDVKDDDGSRAGTVRDDAGSLGGYLNLVHTSSGLWADIVAQGTRHSMKASSDNNDFRARGWGWLGSLETGLPFSITDNLMLEPQLQYTWQGLSLDDGKDNAGYVKFGHGSAQHVRAGFRLGSHNDMTFGEGTSSRAPLRDSAKHSVSELPVNWWVQPSVIRTFSSRGDMRVGTSTAGSGMTFSPSQNGTSLDLQAGLEARVRENITLGVQAGYAHSVSGSSAEGYNGQATLNVTF,1
E. coli,FyuA,MKMTRLYPLALGGLLLPAIANAQTSQQDESTLVVTASKQSSRSASANNVSSTVVSAPELSDAGVTASDKLPRVLPGLNIENSGNMLFSTISLRGVSSAQDFYNPAVTLYVDGVPQLSTNTIQALTDVQSVELLRGPQGTLYGKSAQGGIINIVTQQPDSTPRGYIEGGVSSRDSYRSKFNLSGPIQDGLLYGSVTLLRQVDDGDMINPATGSDDLGGTRASIGNVKLRLAPDDQPWEMGFAASRECTRATQDAYVGWNDIKGRKLSISDGSPDPYMRRCTDSQTLSGKYTTDDWVFNLISAWQQQHYSRAFPSGSLIVNMPQRWNQDVQELRAATLGDARTVDMVFGLYRQNTREKLNSAYDMPTMPYLSSTGYTTAETLAAYSDLTWHLTDRFDIGGGVRFSHDKSSTQYHGSMLGNPFGDQGKSNDDQVLGQLSAGYMLTDDWRVYTRVAQGYKPSGYNIVPTAGLDAKPFVAEKSINYELGTRYETADVTLQAATFYTHTKDMQLYSGPVGMQTLSNAGKADATGVELEAKWRFAPGWSWDINGNVIRSEFTNDSELYHGNRVPFVPRYGAGSSVNGVIDTRYGALMPRLAVNLVGPHYFDGDNQLRQGTYATLDSSLGWQATERMNISVYVDNLFDRRYRTYGYMNGSSAVAQVNMGRTVGINTRIDFF,1
E. coli, Hma,MLYNIPCRIYILSTLSLCISGIVSTATATSSETKISNEETLVVTTNRSASNLWESPATIQVIDQQTLQNSTNASIADNLQDIPGVEITDNSLAGRKQIRIRGEASSRVLILIDGQEVTYQRAGDNYGVGLLIDESALERVEVVKGPYSVLYGSQAIGGIVNFITKKGGDKLASGVVKAVYNSATAGWEESIAVQGSIGGFDYRINGSYSDQGNRDTPDGRLPNTNYRNNSQGVWLGYNSGNHRFGLSLDRYRLATQTYYEDPDGSYEAFSVKIPKLEREKVGVFYDTDVDGDYLKKIHFDAYEQTIQRQFANEVKTTQPVPSPMIQALTVHNKTDTHDKQYTQAVTLQSHFSLPANNELVTGAQYKQDRVSQRSGGMTSSKSLTGFINKETRTRSYYESEQSTVSLFAQNDWRFADHWTWTMGVRQYWLSSKLTRGDGVSYTAGIISDTSLARESASDHEMVTSTSLRYSGFDNLELRAAFAQGYVFPTLSQLFMQTSAGGSVTYGNPDLKAEHSNNFELGARYNGNQWLIDSAVYYSEAKDYIASLICDGSIVCNGNTNSSRSSYYYYDNIDRAKTWGLEISAEYNGWVFSPYISGNLIRRQYETSTLKTTNTGEPAINGRIGLKHTLVMGQANIISDVFIRAASSAKDDSNGTETNVPGWATLNFAVNTEFGNEDQYRINLALNNLTDKRYRTAHETIPAAGFNAAIGFVWNF,1
E. coli,ireA,MKNKYIIAPGIAVMCSAVISSGYASSDKKEDTLVVTASGFTQQLRNAPASVSVITSEQLQKKPVSDLVDAVKDVEGISITGGNEKPDISIRGLSGDYTLILVDGRRQSGRESRPNGSGGFEAGFIPPVEAIERIEVIRGPMSSLYGSDAIGGVINIITKPVNNQTWDGVLGLGGIIQEHGKFGNSTTNDFYLSGPLIKDKLGLQLYGGMNYRKEDSISQGTPAKDNKNITATLQFTPTESQKFVFEYGKNNQVHTLTPGESLDAWTMRGNLKQPNSKRETHNSRSHWVAAWNAQGEILHPEIAVYQEKVIREVKSGKKDKYNHWDLNYESRKPEITNTIIDAKVTAFLPENVLTIGGQFQHAELRDDSATGKKTTETQSVSIKQKAVFIENEYAATDSLALTGGLRLDNHEIYGSYWNPRLYAVYNLTDNLTLKGGIAKAFRAPSIREVSPGFGTLTQGGASIMYGNRDLKPETSVTEEIGIIYSNDSGFSASATLFNTDFKNKLTSYDIGTKDPVTGLNTFIYDNVGEANIRGVELATQIPVYDKWHVSANYTFTDSRRKSDDESLNGKSLKGEPLERTPRHAANAKLEWDYTQDITFYSSLNYTGKQIWAAQRNGAKVPRVRNGFTSMDIGLNYLILPDTLINFAVLNVTDRKSEDIDTIDGNWQVDEGRRYWANVRVSF,1
E. coli,IroN,MRINKILWSLTVLLVGLNSQVSVAKSSDDDNDETLVVEATAEQVLKQQPGVSVITSEDIKKTPPVNDLSDIIRKMPGVNLTGNSASGTRGNNRQIDIRGMGPENTLILIDGVPVTSRNSVRYSWRGERDTRGDTNWVPPEQVERIEVIRGPAAARYGSGAAGGVVNIITKRPTNDWHGSLSLYTNQPESSDEGATRRANFSLSGPLAGNALTTRLYGNLNKTDADSWDINSPVGTKNAAGHEGVRNKDINGVVSWKLNPQQILDFEAGYSRQGNIYAGDTQNSSSSAVTESLAKSGKETNRLYRQNYGITHNGIWDWGQSRFGVYYEKTNNTRMNEGLSGGGEGRILAGEKFTTNRLSSWRTSGELNIPLNVMVDQTLTVGAEWNRDKLDDPSSTSLTVNDSDISGISGSAADRSSKNHSQISALYIEDNIEPVPGTNIIPGLRFDYLSDSGGNFSPSLNLSQELGDYFKVKAGVARTFKAPNLYQSSEGYLLYSKGNGCPKDITSGGCYLIGNKDLDPEISVNKEIGLEFTWEDYHASVTYFRNDYQNKIVAGDNVIGQTASGAYILKWQNGGKALVDGIEASMSFPLVKDRLNWNTNATWMITSEQKDTGNPLSVIPKYTINNSLNWTITQAFSASVNWTLYGRQKPRTHAETRSEDTGGLSGKELGAYSLVGTNFNYDINKNLRLNVGVSNILNKQIFRSSEGANTYNEPGRAYYAGVTASF,1
E. coli,Iss,MQDNKMKKMLFSAALAMLITGCAQQTFTVGNKPTAVTPKETITHHFFVSGIGQEKTVDAAKICGGAENVVKTETQQTFVNGLLGFITFGIYTPLEARVYCSQ,1
E. coli,iutA,MAQRQPEKTAAGGCCFNSLYNKYSGITMMRKKYMPRALGPLLLVVLSPAVAQQNDDNEIIVSASRSNRTVAEMAQTTWVIENAELEQQIQGGKELKDALAQLIPGLDVSSQSRTNYGMNMRGRPLVVLIDGVRLNSSRSDSRQLDSVDPFNIDHIEVISGATALYGGGSTGGLINIVTKKGQPETMMEFEAGTKSGFNSSKDHDERIAGAVSGGNDHISGRLSVAYQKFGGWFDGNGDATLLDNTQTGLQHSNRLDIMGTGTLNIDESRQLQLITQYYKSQGDDNYGLNLGKGFSAISGSSTPYVSKGLNSDRIPGTERHLISLQYSDSDFLRQELVGQVYYRDESLRFYPFPTVNANKQATAFSSSQQDTDQYGMKLTLNSQLMDGWQITWGLDAEHERFTSNQMFFDLAQASASGGLNNHKIYTTGRYPSYDITNLAAFLQSSYDINDIFTVSGGVRYQYTENRVDDFIDYTQQQKIAAGKAISADAIPGGSVDYDNFLFNAGLLMHITERQQAWFNFSQGVALPDPGKYYGRGIYGAAVNGHLPLTKSVNVSDSKLEGVKVDSYELGWRFTGDNLRTQIAAYYSLSNKSVERNKDLTISVKDDRRRIYGVEGAVDYLIPDTDWSTGVNFNVLKTESKVNGQWQKYDVKESSPSKATAYINWAPEPWSLRVQSTTSFDVSDAEGNDINGYTTVDFISSWQLPVGTLSFSVENLFDRDYTTVWGQRAPLYYSPGYGPASLYDYKGRGRTFGLNYSVLF,1
E. coli,MipA,MTKLKLLALGVLIATSAGVAHAEGKFSLGAGVGVVEHPYKDYDTDVYPVPVINYEGDNFWFRGLGGGYYLWNDATDKLSITAYWSPLYFKAKDSGDHQMRHLDDRKSTMMAGLSYAHFTQYGYLRTTLAGDTLDNSNGIVWDMAWLYRYTNGGLTVTPGIGVQWNSENQNEYYYGVSRKESARSGLRGYNPNDSWSPYLELSASYNFLGDWSVYGTARYTRLSDEVTDSPMVDKSWTGLISTGITYKF,1
E. coli,ompA,MRNTLKQAIVLWGMVLLLVLWSVFISPSGVLRWAGAAAIVLAVAALLIYRRRQAWTEMTGDAGLSSLPPETYRQPVVLVCGGLSAHLSTDSPVRQVSEGLYLHVPDEEQLVAQVERLLTLRPAWASQLAVAYTIMPGIHRDVAVLAGRLRRFAHSMATVRRRAGVNVPWLLWSGLSGSPLPERASSPWFICTGGEVQVATSTETTMPAQWIAQSGVQERSQRLCYLLKAESLMQWLNLNVLTALNGPEAKCPPLAMTVGLVPSLPAVDNNLWQLWITARTGLTPDIADTGTDDALPFPDALLRQLPRQSGFTPLRRACVTMLGVTTVAGIAALCLSATANRQLLRQVGDDLHRFYAVPVEEFITKARHLSVLKDDATMLDGYYREGEPLRLGLGLYPGERIRQPVLRAIRDWRPPEQKMEVTASLQVQTVRLDSMSLFDVGQARLKDGSTKVLVDALVNIRAKPGWLILVAGYTDATGDEKSNQQLSLRRAEAVRNWMLQTSDIPATCFAVQGLGESQPAATNDTPQGRAVNRRVEISLVPRSDACQDVK,1
E. coli,ompC,MKVKVLSLLVPALLVAGAANAAEVYNKDGNKLDLYGKVDGLHYFSDNKDVDGDQTYMRLGFKGETQVTDQLTGYGQWEYQIQGNSAENENNSWTRVAFAGLKFQDVGSFDYGRNYGVVYDVTSWTDVLPEFGGDTYGSDNFMQQRGNGFATYRNTDFFGLVDGLNFAVQYQGKNGNPSGEGFTSGVTNNGRDALRQNGDGVGGSITYDYEGFGIGGAISSSKRTDAQNTAAYIGNGDRAETYTGGLKYDANNIYLAAQYTQTYNATRVGSLGWANKAQNFEAVAQYQFDFGLRPSLAYLQSKGKNLGRGYDDEDILKYVDVGATYYFNKNMSTYVDYKINLLDDNQFTRDAGINTDNIVALGLVYQF,1
E. coli,ompF,MMKRNILAVIVPALLVAGTANAAEIYNKDGNKVDLYGKAVGLHYFSKGNGENSYGGNGDMTYARLGFKGETQINSDLTGYGQWEYNFQGNNSEGADAQTGNKTRLAFAGLKYADVGSFDYGRNYGVVYDALGYTDMLPEFGGDTAYSDDFFVGRVGGVATYRNSNFFGLVDGLNFAVQYLGKNERDTARRSNGDGVGGSISYEYEGFGIVGAYGAADRTNLQEAQPLGNGKKAEQWATGLKYDANNIYLAANYGETRNATPITNKFTNTSGFANKTQDVLLVAQYQFDFGLRPSIAYTKSKAKDVEGIGDVDLVNYFEVGATYYFNKNMSTYVDYIINQIDSDNKLGVGSDDTVAVGIVYQF,1
E. coli,ompT,MYLKILATALSAPVAFAALASDTGLSFTPEKISTEIDFGTLSGKAKERVYLPEEKGRKASQLDWKYSNAPIVKGAFNWDLLPRVSVGASGWTTLAGRGGNMVDRDWLDTSNPGTWTDESKHPNTRLNFANEFDLNIKGWLLNQPDYQLGLMAGYQENRYSFTAKGGSYIYSSEGGFRDETGSFPDGERAIGYKQHFKMPYIGLTGNYRYDSFEFGGSFKYSGWVKASDNDEHYNPEKRITYRSDVNNQNYYSVSLHAGYYITPAAKVYVEGTWNRITNKKGDTSLYSRNLNISDHTKNGAGIESYNFMTTAGLKYYF,1
E. coli, stx1B,MKKTLLIAASLSFFSASALATPDCVTGKVEYTKYNDDDTFTVKVGDKELFTNRWNLQSLLLSAQITGMTVTIKTNACHNGGGFSEVIFR,1
E. coli,stx2eB,MKKMFIAVLFALVSVNAMAADCAKGKIEFSKYNEDNTFTVKVSGREYWTNRWNLQPLLQSAQLTGMTVTIISNTCSSGSGFAQVKFN,1
E. coli,StxB2,MKKMFMAVLFALASVNAMAADCAKGKIEFSKYNEDDTFTVKVDGKEYWTSRWNLQPLLQSAQLTGMTVTIKSSTCESGSGFAEVQFNND,1
E. coli,Tir,MPIGNLGHNPNVNNSIPPAPPLPSQTDGAGGRGQLINSTGPLGSRALFTPVRNSMADSGDNRASDVPGLPVNPMRLAASEITLNDGFEVLHDHGPLDTLNRQIGSSVFRVETQEDGKHIAVGQRNGVETSVVLSDQEYARLQSIDPEGKDKFVFTGGRGGAGHAMVTVASDITEARQRILELLEPKGTGESKGAGESKGVGELRESNSGAENTTETQTSTSTSSLRSDPKLWLALGTVATGLIGLAATGIVQALALTPEPDSPTTTDPDAAASATETATRDQLTKEAFQNPDNQKVNIDELGNAIPSGVLKDDVVANIEEQAKAAGEEAKQQAIENNAQAQKKYDEQQAKRQEELKVSSGAGYGLSGALILGGGIGVAVTAALHRKNQPVEQTTTTTTTTTTTSARTVENKPANNTPAQGNVDTPGSEDTMESRRSSMASTSSTFFDTSSIGTVQNPYADVKTSLHDSQVPTSNSNTSVQNMGNTDSVVYSTIQHPPRDTTDNGARLLGNPSAGIQSTYARLALSGGLRHDMGGLTGGSNSAVNTSNNPPAPGSHRFV,1
E. coli, traT,MADTCRDTVVLLEKNLTRVMRLKKRPVPENADEKKKHTRTLQDAERSLAQARLSARRLALRHVEKSQIVTTDALSENESDLLQPEGPPFHLCAFCHAWHCLNGYAAAQGVMVWLPDLHPASVVALNARALQEIFSDNRQRVRQGRAVLNALVQNRLAVEEKFRTWRPADFADALRRWPPAQRKTLREKMDGVALILLPDSFPDKKYVM,1
M. tuberculosis, Ag85B from M. tuberculosis H37Rv,MTDVSRKIRAWGRRLMIGTAAAVVLPGLVGLAGGAATAGAFSRPGLPVEYLQVPSPSMGRDIKVQFQSGGNNSPAVYLLDGLRAQDDYNGWDINTPAFEWYYQSGLSIVMPVGGQSSFYSDWYSPACGKAGCQTYKWETFLTSELPQWLSANRAVKPTGSAAIGLSMAGSSAMILAAYHPQQFIYAGSLSALLDPSQGMGPSLIGLAMGDAGGYKAADMWGPSSDPAWERNDPTQQIPKLVANNTRLWVYCGNGTPNELGGANIPAEFLENFVRSSNLKFQDAYNAAGGHNAVFNFPPNGTHSWEYWGAQLNAMKGDLQSSLGAG,1
M. tuberculosis, Apa,MHQVDPNLTRRKGRLAALAIAAMASASLVTVAVPATANADPEPAPPVPTTAASPPSTAAAPPAPATPVAPPPPAAANTPNAQPGDPNAAPPPADPNAPPPPVIAPNAPQPVRIDNPVGGFSFALPAGWVESDAAHFDYGSALLSKTTGDPPFPGQPPPVANDTRIVLGRLDQKLYASAEATDSKAAARLGSDMGEFYMPYPGTRINQETVSLDANGVSGSASYYEVKFSDPSKPNGQIWTGVIGSPAANAPDAGPPQRWFVVWLGTANNPVDKGAAKALAESIRPLVAPPPAPAPAPAEPAPAPAPAGEVAPTPTTPTPQRTLPA,1
M. tuberculosis,bfrA,MQGDPDVLRLLNEQLTSELTAINQYFLHSKMQDNWGFTELAAHTRAESFDEMRHAEEITDRILLLDGLPNYQRIGSLRIGQTLREQFEADLAIEYDVLNRLKPGIVMCREKQDTTSAVLLEKIVADEEEHIDYLETQLELMDKLGEELYSAQCVSRPPT,1
M. tuberculosis,DnaK,MARAVGIDLGTTNSVVSVLEGGDPVVVANSEGSRTTPSIVAFARNGEVLVGQPAKNQAVTNVDRTVRSVKRHMGSDWSIEIDGKKYTAPEISARILMKLKRDAEAYLGEDITDAVITTPAYFNDAQRQATKDAGQIAGLNVLRIVNEPTAAALAYGLDKGEKEQRILVFDLGGGTFDVSLLEIGEGVVEVRATSGDNHLGGDDWDQRVVDWLVDKFKGTSGIDLTKDKMAMQRLREAAEKAKIELSSSQSTSINLPYITVDADKNPLFLDEQLTRAEFQRITQDLLDRTRKPFQSVIADTGISVSEIDHVVLVGGSTRMPAVTDLVKELTGGKEPNKGVNPDEVVAVGAALQAGVLKGEVKDVLLLDVTPLSLGIETKGGVMTRLIERNTTIPTKRSETFTTADDNQPSVQIQVYQGEREIAAHNKLLGSFELTGIPPAPRGIPQIEVTFDIDANGIVHVTAKDKGTGKENTIRIQEGSGLSKEDIDRMIKDAEAHAEEDRKRREEADVRNQAETLVYQTEKFVKEQREAEGGSKVPEDTLNKVDAAVAEAKAALGGSDISAIKSAMEKLGQESQALGQAIYEAAQAASQATGAAHPGGEPGGAHPGSADDVVDAEVVDDGREAK,1
M. tuberculosis, EsxA (ESAT-6),MTEQQWNFAGIEAAASAIQGNVTSIHSLLDEGKQSLTKLAAAWGGSGSEAYQGVQQKWDATATELNNALQNLARTISEAGQAMASTEGNVTGMFA,1
M. tuberculosis,EsxB,MAEMKTDAATLAQEAGNFERISGDLKTQIDQVESTAGSLQGQWRGAAGTAAQAAVVRFQEAANKQKQELDEISTNIRQAGVQYSRADEEQQQALSSQMGF,1
M. tuberculosis,esxV,MTINYQFGDVDAHGAMIRAQAGSLEAEHQAIISDVLTASDFWGGAGSAACQGFITQLGRNFQVIYEQANAHGQKVQAAGNNMAQTDSAVGSSWA,1
M. tuberculosis,esxW,MTSRFMTDPHAMRDMAGRFEVHAQTVEDEARRMWASAQNISGAGWSGMAEATSLDTMTQMNQAFRNIVNMLHGVRDGLVRDANNYEQQEQASQQILSS,1
M. tuberculosis,FbpA (Ag85A),MQLVDRVRGAVTGMSRRLVVGAVGAALVSGLVGAVGGTATAGAFSRPGLPVEYLQVPSPSMGRDIKVQFQSGGANSPALYLLDGLRAQDDFSGWDINTPAFEWYDQSGLSVVMPVGGQSSFYSDWYQPACGKAGCQTYKWETFLTSELPGWLQANRHVKPTGSAVVGLSMAASSALTLAIYHPQQFVYAGAMSGLLDPSQAMGPTLIGLAMGDAGGYKASDMWGPKEDPAWQRNDPLLNVGKLIANNTRVWVYCGNGKPSDLGGNNLPAKFLEGFVRTSNIKFQDAYNAGGGHNGVFDFPDSGTHSWEYWGAQLNAMKPDLQRALGATPNTGPAPQGA,1
M. tuberculosis,FbpD,MKGRSALLRALWIAALSFGLGGVAVAAEPTAKAAPYENLMVPSPSMGRDIPVAFLAGGPHAVYLLDAFNAGPDVSNWVTAGNAMNTLAGKGISVVAPAGGAYSMYTNWEQDGSKQWDTFLSAELPDWLAANRGLAPGGHAAVGAAQGGYGAMALAAFHPDRFGFAGSMSGFLYPSNTTTNGAIAAGMQQFGGVDTNGMWGAPQLGRWKWHDPWVHASLLAQNNTRVWVWSPTNPGASDPAAMIGQAAEAMGNSRMFYNQYRSVGGHNGHFDFPASGDNGWGSWAPQLGAMSGDIVGAIR,1
M. tuberculosis,HBHA,MAENSNIDDIKAPLLAALGAADLALATVNELITNLRERAEETRTDTRSRVEESRARLTKLQEDLPEQLTELREKFTAEELRKAAEGYLEAATSRYNELVERGEAALERLRSQQSFEEVSARAEGYVDQAVELTQEALGTVASQTRAVGERAAKLVGIELPKKAAPAKKAAPAKKAAPAKKAAAKKAPAKKAAAKKVTQK,1
M. tuberculosis,KatG,MPEQHPPITETTTGAASNGCPVVGHMKYPVEGGGNQDWWPNRLNLKVLHQNPAVADPMGAAFDYAAEVATIDVDALTRDIEEVMTTSQPWWPADYGHYGPLFIRMAWHAAGTYRIHDGRGGAGGGMQRFAPLNSWPDNASLDKARRLLWPVKKKYGKKLSWADLIVFAGNCALESMGFKTFGFGFGRVDQWEPDEVYWGKEATWLGDERYSGKRDLENPLAAVQMGLIYVNPEGPNGNPDPMAAAVDIRETFRRMAMNDVETAALIVGGHTFGKTHGAGPADLVGPEPEAAPLEQMGLGWKSSYGTGTGKDAITSGIEVVWTNTPTKWDNSFLEILYGYEWELTKSPAGAWQYTAKDGAGAGTIPDPFGGPGRSPTMLATDLSLRVDPIYERITRRWLEHPEELADEFAKAWYKLIHRDMGPVARYLGPLVPKQTLLWQDPVPAVSHDLVGEAEIASLKSQIRASGLTVSQLVSTAWAAASSFRGSDKRGGANGGRIRLQPQVGWEVNDPDGDLRKVIRTLEEIQESFNSAAPGNIKVSFADLVVLGGCAAIEKAAKAAGHNITVPFTPGRTDASQEQTDVESFAVLEPKADGFRNYLGKGNPLPAEYMLLDKANLLTLSAPEMTVLVGGLRVLGANYKRLPLGVFTEASESLTNDFFVNLLDMGITWEPSPADDGTYQGKDGSGKVKWTGSRVDLVFGSNSELRALVEVYGADDAQPKFVQDFVAAWDKVMNLDRFDVR,1
M. tuberculosis,Mpt63,MKLTTMIKTAVAVVAMAAIATFAAPVALAAYPITGKLGSELTMTDTVGQVVLGWKVSDLKSSTAVIPGYPVAGQVWEATATVNAIRGSVTPAVSQFNARTADGINYRVLWQAAGPDTISGATIPQGEQSTGKIYFDVTGPSPTIVAMNNGMEDLLIWEP,1
M. tuberculosis, MPT64,MRIKIFMLVTAVVLLCCSGVATAAPKTYCEELKGTDTGQACQIQMSDPAYNINISLPSYYPDQKSLENYIAQTRDKFLSAATSSTPREAPYELNITSATYQSAIPPRGTQAVVLKVYQNAGGTHPTTTYKAFDWDQAYRKPITYDTLWQADTDPLPVVFPIVQGELSKQTGQQVSIAPNAGLDPVNYQNFAVTNDGVIFFFNPGELLPEAAGPTQVLVPRSAIDSMLA,1
M. tuberculosis, MPT83,MINVQAKPAAAASLAAIAIAFLAGCSSTKPVSQDTSPKPATSPAAPVTTAAMADPAADLIGRGCAQYAAQNPTGPGSVAGMAQDPVATAASNNPMLSTLTSALSGKLNPDVNLVDTLNGGEYTVFAPTNAAFDKLPAATIDQLKTDAKLLSSILTYHVIAGQASPSRIDGTHQTLQGADLTVIGARDDLMVNNAGLVCGGVHTANATVYMIDTVLMPPAQ,1
M. tuberculosis,Mtb72F,MHHHHHHTAASDNFQLSQGGQGFAIPIGQAMAIAGQIRSGGGSPTVHIGPTAFLGLGVVDNNGNGARVQRVVGSAPAASLGISTGDVITAVDGAPINSATAMADALNGHHPGDVISVTWQTKSGGTRTGNVTLAEGPPAEFMVDFGALPPEINSARMYAGPGSASLVAAAQMWDSVASDLFSAASAFQSVVWGLTVGSWIGSSAGLMVAAASPYVAWMSVTAGQAELTAAQVRVAAAAYETAYGLTVPPPVIAENRAELMILIATNLLGQNTPAIAVNEAEYGEMWAQDAAAMFGYAAATATATATLLPFEEAPEMTSAGGLLEQAAAVEEASDTAAANQLMNNVPQALQQLAQPTQGTTPSSKLGGLWKTVSPHRSPISNMVSMANNHMSMTNSGVSMTNTLSSMLKGFAPAAARQAVQTAAQNGVRAMSSLGSSLGSSGLGGGVAANLGRAASVGSLSVPQAWAAANQAVTPAARALPLTSLTSAAERGPGQMLGGLPVGQMGARAGGGLSGVLRVPPRPYVMPHSPAAGDIAPPALSQDRFADFPALPLDPSAMVAQVGPQVVNINTKLGYNNAVGAGTGIVIDPNGVVLTNNHVIAGATDINAFSVGSGQTYGVDVVGYDRTQDVAVLQLRGAGGLPSAAIGGGVAVGEPVVAMGNSGGQGGTPRAVPGRVVALGQTVQASDSLTGAEETLNGLIQFDAAIQPGDSGGPVVNGLGQVVGMNTAAS,1
M. tuberculosis,PE20,MAFVLVCPDALAIAAGQLRHVGSVIAARNAVAAPATAELAPAAADEVSALTATQFNFHAAMYQAVGAQAIAMNEAFVAMLGASADSYAATEAANIIAVS,1
M. tuberculosis,PepA,MSNSRRRSLRWSWLLSVLAAVGLGLATAPAQAAPPALSQDRFADFPALPLDPSAMVAQVGPQVVNINTKLGYNNAVGAGTGIVIDPNGVVLTNNHVIAGATDINAFSVGSGQTYGVDVVGYDRTQDVAVLQLRGAGGLPSAAIGGGVAVGEPVVAMGNSGGQGGTPRAVPGRVVALGQTVQASDSLTGAEETLNGLIQFDAAIQPGDSGGPVVNGLGQVVGMNTAASDNFQLSQGGQGFAIPIGQAMAIAGQIRSGGGSPTVHIGPTAFLGLGVVDNNGNGARVQRVVGSAPAASLGISTGDVITAVDGAPINSATAMADALNGHHPGDVISVTWQTKSGGTRTGNVTLAEGPPA,1
M. tuberculosis,PPE14,MDFGLLPPEVNSSRMYSGPGPESMLAAAAAWDGVAAELTSAAVSYGSVVSTLIVEPWMGPAAAAMAAAATPYVGWLAATAALAKETATQARAAAEAFGTAFAMTVPPSLVAANRSRLMSLVAANILGQNSAAIAATQAEYAEMWAQDAAVMYSYEGASAAASALPPFTPPVQGTGPAGPAAAAAATQAAGAGAVADAQATLAQLPPGILSDILSALAANADPLTSGLLGIASTLNPQVGSAQPIVIPTPIGELDVIALYIASIATGSIALAITNTARPWHIGLYGNAGGLGPTQGHPLSSATDEPEPHWGPFGGAAPVSAGVGHAALVGALSVPHSWTTAAPEIQLAVQATPTFSSSAGADPTALNGMPAGLLSGMALASLAARGTTGGGGTRSGTSTDGQEDGRKPPVVVIREQPPPGNPPR,1
M. tuberculosis,PPE18,MVDFGALPPEINSARMYAGPGSASLVAAAQMWDSVASDLFSAASAFQSVVWGLTVGSWIGSSAGLMVAAASPYVAWMSVTAGQAELTAAQVRVAAAAYETAYGLTVPPPVIAENRAELMILIATNLLGQNTPAIAVNEAEYGEMWAQDAAAMFGYAAATATATATLLPFEEAPEMTSAGGLLEQAAAVEEASDTAAANQLMNNVPQALQQLAQPTQGTTPSSKLGGLWKTVSPHRSPISNMVSMANNHMSMTNSGVSMTNTLSSMLKGFAPAAAAQAVQTAAQNGVRAMSSLGSSLGSSGLGGGVAANLGRAASVGSLSVPQAWAAANQAVTPAARALPLTSLTSAAERGPGQMLGGLPVGQMGARAGGGLSGVLRVPPRPYVMPHSPAAG,1
M. tuberculosis,PPE31,MTAALDFATLPPEINSARMYSGAGSAPMLAAASAWHGLSAELRASALSYSSVLSTLTGEEWHGPASASMTAAAAPYVAWMSVTAVRAEQAGAQAEAAAAAYEAAFAATVPPPVIEANRAQLMALIATNVLGQNAPAIAATEAQYAEMWSQDAMAMYGYAGASAAATQLTPFTEPVQTTNASGLAAQSAAIAHATGASAGAQQTTLSQLIAAIPSVLQGLSSSTAATSASGPSGLLGILGSGSSWLDKLWALLDPNSNFWNTIASSGLFLPSNTIAPFLGLLGGVAAADAAGDVLGEATSGGLGGALVAPLGSAGGLGGTVAAGLGNAATVGTLSVPPSWTAAAPLASPLGSALGGTPMVAPPPAVAAGMPGMPFGTMGGQGFGRAVPQYGFRPNFVARPPAAG,1
M. tuberculosis,PPE42,MNFAVLPPEVNSARIFAGAGLGPMLAAASAWDGLAEELHAAAGSFASVTTGLAGDAWHGPASLAMTRAASPYVGWLNTAAGQAAQAAGQARLAASAFEATLAATVSPAMVAANRTRLASLVAANLLGQNAPAIAAAEAEYEQIWAQDVAAMFGYHSAASAVATQLAPIQEGLQQQLQNVLAQLASGNLGSGNVGVGNIGNDNIGNANIGFGNRGDANIGIGNIGDRNLGIGNTGNWNIGIGITGNGQIGFGKPANPDVLVVGNGGPGVTALVMGGTDSLLPLPNIPLLEYAARFITPVHPGYTATFLETPSQFFPFTGLNSLTYDVSVAQGVTNLHTAIMAQLAAGNEVVVFGTSQSATIATFEMRYLQSLPAHLRPGLDELSFTLTGNPNRPDGGILTRFGFSIPQLGFTLSGATPADAYPTVDYAFQYDGVNDFPKYPLNVFATANAIAGILFLHSGLIALPPDLASGVVQPVSSPDVLTTYILLPSQDLPLLVPLRAIPLLGNPLADLIQPDLRVLVELGYDRTAHQDVPSPFGLFPDVDWAEVAADLQQGAVQGVNDALSGLGLPPPWQPALPRLF,1
M. tuberculosis,PstS1,MKIRLHTLLAVLTAAPLLLAAAGCGSKPPSGSPETGAGAGTVATTPASSPVTLAETGSTLLYPLFNLWGPAFHERYPNVTITAQGTGSGAGIAQAAAGTVNIGASDAYLSEGDMAAHKGLMNIALAISAQQVNYNLPGVSEHLKLNGKVLAAMYQGTIKTWDDPQIAALNPGVNLPGTAVVPLHRSDGSGDTFLFTQYLSKQDPEGWGKSPGFGTTVDFPAVPGALGENGNGGMVTGCAETPGCVAYIGISFLDQASQRGLGEAQLGNSSGNFLLPDAQSIQAAAAGFASKTPANQAISMIDGPAPDGYPIINYEYAIVNNRQKDAATAQTLQAFLHWAITDGNKASFLDQVHFQPLPPAVVKLSDALIATISS,1
M. tuberculosis,PstS3,MKLNRFGAAVGVLAAGALVLSACGNDDNVTGGGATTGQASAKVDCGGKKTLKASGSTAQANAMTRFVNVFEQACPGQTLNYTANGSGAGISEFNGNQTDFGGSDVPLSKDEAAAAQRRCGSPAWNLPVVFGPIAVTYNLNSVSSLNLDGPTLAKIFNGSITQWNNPAIQALNRDFTLPGERIHVVFRSDESGTTDNFQRYLQAASNGAWGKGAGKSFQGGVGEGARGNDGTSAAAKNTPGSITYNEWSFAQAQHLTMANIVTSAGGDPVAITIDSVGQTIAGATISGVGNDLVLDTDSFYRPKRPGSYPIVLATYEIVCSKYPDSQVGTAVKAFLQSTIGAGQSGLGDNGYIPIPDEFKSRLSTAVNAIA,1
M. tuberculosis,Rv1813c,MITNLRRRTAMAAAGLGAALGLGILLVPTVDAHLANGSMSEVMMSEIAGLPIPPIIHYGAIAYAPSGASGKAWHQRTPARAEQVALEKCGDKTCKVVSRFTRCGAVAYNGSKYQGGTGLTRRAAEDDAVNRLEGGRIVNWCAN,1
M. tuberculosis,Rv2660c,MIAGVDQALAATGQASQRAAGASGGVTVGVGVGTEQRNLSVVAPSQFTFSSRSPDFVDETAGQSWCAILGLNQFH,1
N. meningitidis,ExbB,MNLKLVFESGDPVLIGVFVLMLLMSIVTWCLVVLRCIKLYRARKGNAAVKRHMRDTLSLNDAVEKVRAVDAPLSKLAQEALQSYRNYRRNEASELAQALPLNEYLVIQIRNSMAQIMRRFDYGMTALASIGATAPFIGLFGTVWGIYHALINIGQSGQMSIAAVAGPIGEALVATAAGLFVAIPAVLAYNFLNRGTKILTQDLDAMAHDLHVRLLNQKDS,1
N. meningitidis,NadA,MSMKHFPSKVLTTAILATFCSGALAATSDDDVKKAATVAIVAAYNNGQEINGFKAGETIYDIGEDGTITQKDATAADVEADDFKGLGLKKVVTNLTKTVNENKQNVDAKVKAAESEIEKLTTKLADTDAALADTDAALDETTNALNKLGENITTFAEETKTNIVKIDEKLEAVADTVDKHAEAFNDIADSLDETNTKADEAVKTANEAKQTAEETKQNVDAKVKAAETAAGKAEAAAGTANTAADKAEAVAAKVTDIKADIATNKADIAKNSARIDSLDKNVANLRKETRQGLAEQAALSGLFQPYNVGRFNVTAAVGGYKSESAVAIGTGFRFTENFAAKAGVAVGTSSGSSAAYHVGVNYEW,1
N. meningitidis, NspA from N. meningitidis MC58,MKKALATLIALALPAAALAEGASGFYVQADAAHAKASSSLGSAKGFSPRISAGYRINDLRFAVDYTRYKNYKAPSTDFKLYSIGASAIYDFDTQSPVKPYLGARLSLNRASVDLGGSDSFSQTSIGLGVLTGVSYAVTPNVDLDAGYRYNYIGKVNTVKNVRSGELSAGVRVKF,1
N. meningitidis,P1,MTPSALKKTVLLLGTAFAAASVHASGYHFGTQSVNAQSTANAAAAEAADASTIFYNPAGLTKLDSSQISVNANIVLPSIHYEADSATDFTGLPVQGSKSGKITKTTVAPHIYGAYKVNDNLTVGLGVYVPFGSATEYEKDSVLRHNINKLGLTSIAVEPVAAWKLNDRHSFGAGIIAQHTSAELRKYADWGIKSKAEILTAKPPKPNGVAEAAKIQADGHADVKGSDWGFGYQLAWMWDINDRARVGVNYRSKVSHTLKGDAEWAADGAAAKAMWSTMLAANGYTANEKARVKIVTPESLSVHGMYKVSDKADLFGDVTWTRHSRFDKAELVFEKEKTVVKGKSDRTTITPNWRNTYKVGFGGSYQISEPLQLRAGIAFDKSPVRNADYRMNSLPDGNRIWFSAGMKYHIGKNHVVDAAYTHIHINDTSYRTAKASGNDVDSKGASSARFKNHADIIGLQYTYKFK,1
N. meningitidis,tbp2,MNNPLVNQAAMVLPVFLLSACLGGGGSFDLDSVDTEAPRPAPKYQDVFSEKPQAQKDQGGYGFAMRLKRRNWYPQAKEDEVKLDESDWEATGLPDEPKELPKRQKSVIEKVETDSDNNIYSSPYLKPSNHQNGNTGNGINQPKNQAKDYENFKYVYSGWFYKHAKREFNLKVEPKSAKNGDDGYIFYHGKEPSRQLPASGKITYKGVWHFATDTKKGQKFREIIQPSKSQGDRYSGFSGDDGEEYSNKNKSTLTDGQEGYGFTSNLEVDFHNKKLTGKLIRNNANTDNNQATTTQYYSLEAQVTGNRFNGKATATDKPQQNSETKEHPFVSDSSSLSGGFFGPQGEELGFRFLSDDQKVAVVGSAKTKDKPANGNTAAASGGTDAAASNGAAGTSSENGKLTTVLDAVELKLGDKEVQKLDNFSNAAQLVVDGIMIPLLPEASESGNNQANQGTNGGTAFTRKFDHTPESDKKDAQAGTQTNGAQTASNTAGDTNGKTKTYEVEVCCSNLNYLKYGMLTRKNSKSAMQAGESSSQADAKTEQVEQSMFLQGERTDEKEIPSEQNIVYRGSWYGYIANDKSTSWSGNASNATSGNRAEFTVNFADKKITGTLTADNRQEATFTIDGNIKDNGFEGTAKTAESGFDLDQSNTTRTPKAYITDAKVQGGFYGPKAEELGGWFAYPGDKQTKNATNASGNSSATVVFGAKRQQPVR,1
N. meningitidis, tbpA,MQQQHLFRFNILCLSLMTALPAYAENVQAGQAQEKQLDTIQVKAKKQKTRRDNEVTGLGKLVKSSDTLSKEQVLNIRDLTRYDPGIAVVEQGRGASSGYSIRGMDKNRVSLTVDGVSQIQSYTAQAALGGTRTAGSSGAINEIEYENVKAVEISKGSNSVEQGSGALAGSVAFQTKTADDVIGEGRQWGIQSKTAYSGKNRGLTQSIALAGRIGGAEALLIHTGRRAGEIRAHEDAGRGVQSFNRLVPVEDSSNYAYFIVKEECKNGSYETCKANPKKDVVGKDERQTVSTRDYTGPNRFLADPLSYESRSWLFRPGFRFENKRHYIGGILEHTQQTFDTRDMTVPAFLTKAVFDANKKQAGSLPGNGKYAGNHKYGGLFTNGENGALVGAEYGTGVFYDETHTKSRYGLEYVYTNADKDTWADYARLSYDRQGVGLDNHFQQTHCSADGSDKYCRPSADKPFSYYKSDRVIYGESHRLLQAAFKKSFDTAKIRHNLSVNLGFDRFGSNLRHQDYYYQHANRAYSSNTPPQNNGKKISPNGSETSPYWVTIGRGNVVTGQICRLGNNTYTDCTPRSINGKSYYAAVRDNVRLGRWADVGAGLRYDYRSTHSDDGSVSTGTHRTLSWNAGIVLKPTDWLDLTYRTSTGFRLPSFAEMYGWRAGVQSKAVKIDPEKSFNKEAGIVFKGDFGNLEASWFNNAYRDLIVRGYEAQIKDGKEEAKGDPAYLNAQSARITGINILGKIDWNGVWDKLPEGWYSTFAYNRVRVRDIKKRADRTDIQSHLFDAIQPSRYVVGLGYDQPEGKWGVNGMLTYSKAKEITELLGSRALLNGNSRNTKATARRTRPWYIVDVSGYYTVKKHFTLRAGVYNLLNYRYVTWENVRQTAGGAVNQHKNVGVYNRYAAPGRNYTFSLEMKF,1